Timestamp,Arm Ang Pos,Forearm Ang Pos,Arm Ang Vel,Forearm Ang Vel,Diff Ang Pos,
0.0200,0.33,3.99,0.94,0.81,-3.66

0.0200,0.27,3.99,1.12,1.06,-3.72

0.0200,0.27,3.93,1.06,1.12,-3.66

0.0200,0.27,3.93,0.94,1.00,-3.66

0.0200,0.20,3.93,0.88,0.94,-3.72

0.0200,0.20,3.93,0.62,0.88,-3.72

0.0200,0.20,3.87,0.50,0.62,-3.66

0.0200,0.20,3.87,0.62,0.62,-3.66

0.0200,0.20,3.87,0.62,0.69,-3.66

0.0200,0.20,3.87,0.75,0.69,-3.66

0.0200,0.20,3.80,0.56,0.62,-3.60

0.0200,0.20,3.80,0.50,0.62,-3.60

0.0200,0.20,3.80,0.25,0.44,-3.60

0.0200,0.20,3.80,0.31,0.37,-3.60

0.0200,0.20,3.80,0.25,0.25,-3.60

0.0200,0.20,3.80,0.06,-0.06,-3.60

0.0200,0.20,3.80,0.06,-0.13,-3.60

0.0200,0.20,3.80,0.31,0.37,-3.60

0.0200,0.20,3.80,0.19,0.25,-3.60

0.0200,0.20,3.80,-0.13,0.00,-3.60

0.0200,0.20,3.80,0.31,0.25,-3.60

0.0200,0.20,3.80,0.50,0.50,-3.60

0.0200,0.20,3.80,-0.25,0.00,-3.60

0.0200,0.20,3.80,-0.37,-0.37,-3.60

0.0200,0.20,3.80,-0.25,-0.37,-3.60

0.0200,0.20,3.80,-0.19,-0.25,-3.60

0.0200,0.20,3.80,-0.19,-0.25,-3.60

0.0200,0.20,3.80,-0.31,-0.37,-3.60

0.0200,0.20,3.87,-0.37,-0.56,-3.66

0.0200,0.20,3.87,-0.50,-0.50,-3.66

0.0200,0.20,3.87,-0.37,-0.50,-3.66

0.0200,0.20,3.87,-0.19,-0.50,-3.66

0.0200,0.20,3.87,-0.31,-0.50,-3.66

0.0200,0.20,3.87,-0.56,-0.50,-3.66

0.0200,0.20,3.87,-0.69,-0.69,-3.66

0.0200,0.20,3.87,-0.69,-0.62,-3.66

0.0200,0.20,3.87,-0.37,-0.37,-3.66

0.0200,0.20,3.87,-0.31,-0.31,-3.66

0.0200,0.27,3.87,-0.50,-0.44,-3.60

0.0200,0.27,3.87,-0.44,-0.37,-3.60

0.0200,0.27,3.87,-0.44,-0.25,-3.60

0.0200,0.27,3.87,-0.44,-0.31,-3.60

0.0200,0.27,3.87,-0.31,-0.37,-3.60

0.0200,0.27,3.87,-0.06,-0.25,-3.60

0.0200,0.27,3.87,-0.19,-0.19,-3.60

0.0200,0.27,3.87,-0.06,-0.06,-3.60

0.0200,0.27,3.87,0.00,-0.06,-3.60

0.0200,0.27,3.87,0.06,0.13,-3.60

0.0200,0.27,3.87,-0.06,0.06,-3.60

0.0200,0.27,3.87,0.13,0.31,-3.60

0.0200,0.20,3.87,0.88,0.69,-3.66

0.0200,0.20,3.87,0.13,0.50,-3.66

0.0200,0.20,3.87,-0.25,0.06,-3.66

0.0200,0.20,3.87,0.00,-0.19,-3.66

0.0200,0.20,3.87,0.00,0.31,-3.66

0.0200,0.20,3.87,0.00,0.31,-3.66

0.0200,0.20,3.87,-0.06,0.00,-3.66

0.0200,0.20,3.87,-0.06,-0.06,-3.66

0.0200,0.20,3.87,0.13,0.25,-3.66

0.0200,0.20,3.87,0.25,0.25,-3.66

0.0200,0.20,3.87,0.19,0.13,-3.66

0.0200,0.20,3.87,-0.06,0.19,-3.66

0.0200,0.20,3.87,0.06,0.06,-3.66

0.0200,0.20,3.87,0.00,0.06,-3.66

0.0200,0.20,3.87,0.13,0.19,-3.66

0.0200,0.20,3.87,0.37,0.31,-3.66

0.0200,0.20,3.87,0.19,0.25,-3.66

0.0200,0.20,3.87,0.13,0.19,-3.66

0.0200,0.20,3.87,0.25,0.31,-3.66

0.0200,0.20,3.87,0.31,0.31,-3.66

0.0200,0.20,3.87,0.31,0.31,-3.66

0.0200,0.20,3.87,0.25,0.06,-3.66

0.0200,0.20,3.87,0.25,0.31,-3.66

0.0200,0.20,3.87,0.19,0.06,-3.66

0.0200,0.20,3.87,0.06,0.00,-3.66

0.0200,0.20,3.87,0.06,0.13,-3.66

0.0200,0.20,3.87,0.25,-0.06,-3.66

0.0200,0.20,3.87,0.19,0.13,-3.66

0.0200,0.20,3.87,0.25,0.75,-3.66

0.0200,0.20,3.87,0.94,0.62,-3.66

0.0200,0.20,3.87,0.37,0.31,-3.66

0.0200,0.20,3.87,0.13,0.06,-3.66

0.0200,0.20,3.87,0.13,0.06,-3.66

0.0200,0.20,3.87,0.13,0.13,-3.66

0.0200,0.20,3.87,-0.06,0.00,-3.66

0.0200,0.20,3.87,0.13,0.13,-3.66

0.0200,0.20,3.87,0.00,-0.06,-3.66

0.0200,0.20,3.87,-0.19,-0.31,-3.66

0.0200,0.20,3.87,-0.19,-0.06,-3.66

0.0200,0.20,3.87,0.00,-0.06,-3.66

0.0200,0.20,3.87,-0.19,-0.31,-3.66

0.0200,0.20,3.87,-0.19,-0.37,-3.66

0.0200,0.20,3.87,-0.31,-0.44,-3.66

0.0200,0.20,3.87,-0.50,-0.50,-3.66

0.0200,0.20,3.87,-0.44,-0.37,-3.66

0.0200,0.20,3.87,-0.31,-0.37,-3.66

0.0200,0.20,3.87,-0.37,-0.37,-3.66

0.0200,0.20,3.87,-0.56,-0.50,-3.66

0.0200,0.20,3.87,-0.56,-0.56,-3.66

0.0200,0.20,3.87,-0.62,-0.69,-3.66

0.0200,0.20,3.87,-0.62,-0.69,-3.66

0.0200,0.27,3.87,-0.62,-0.81,-3.60

0.0200,0.27,3.87,-0.69,-0.69,-3.60

0.0200,0.27,3.93,-0.69,-0.75,-3.66

0.0200,0.27,3.93,-0.62,-0.50,-3.66

0.0200,0.27,3.93,-0.31,-0.62,-3.66

0.0200,0.27,3.93,-0.44,-0.56,-3.66

0.0200,0.27,3.93,-0.69,-0.19,-3.66

0.0200,0.27,3.93,0.06,-0.13,-3.66

0.0200,0.27,3.93,0.13,0.06,-3.66

0.0200,0.27,3.93,-0.50,-0.44,-3.66

0.0200,0.27,3.93,-0.56,-0.50,-3.66

0.0200,0.27,3.93,-0.44,-0.44,-3.66

0.0200,0.27,3.93,-0.31,-0.50,-3.66

0.0200,0.27,3.93,-0.37,-0.56,-3.66

0.0200,0.27,3.93,-0.25,-0.50,-3.66

0.0200,0.27,3.93,-0.31,-0.31,-3.66

0.0200,0.27,3.93,-0.25,-0.13,-3.66

0.0200,0.27,3.93,-0.06,-0.13,-3.66

0.0200,0.27,3.93,-0.31,-0.19,-3.66

0.0200,0.27,3.93,-0.13,-0.19,-3.66

0.0200,0.27,3.93,-0.19,-0.19,-3.66

0.0200,0.27,3.93,-0.19,-0.31,-3.66

0.0200,0.27,3.93,-0.13,-0.25,-3.66

0.0200,0.27,3.93,-0.06,0.19,-3.66

0.0200,0.27,3.93,0.13,0.25,-3.66

0.0200,0.27,3.93,0.25,0.19,-3.66

0.0200,0.27,3.93,0.13,0.25,-3.66

0.0200,0.27,3.93,0.13,0.19,-3.66

0.0200,0.27,3.93,0.00,0.13,-3.66

0.0200,0.27,3.93,0.06,0.19,-3.66

0.0200,0.27,3.93,0.25,0.19,-3.66

0.0200,0.27,3.93,0.13,0.31,-3.66

0.0200,0.27,3.93,0.00,0.19,-3.66

0.0200,0.27,3.93,0.13,0.13,-3.66

0.0200,0.27,3.93,0.19,0.06,-3.66

0.0200,0.27,3.93,-0.06,0.25,-3.66

0.0200,0.27,3.93,0.56,0.56,-3.66

0.0200,0.27,3.93,0.75,0.56,-3.66

0.0200,0.27,3.93,0.37,0.44,-3.66

0.0200,0.27,3.93,0.19,0.06,-3.66

0.0200,0.27,3.93,0.19,0.25,-3.66

0.0200,0.27,3.93,0.13,0.37,-3.66

0.0200,0.27,3.93,0.06,0.06,-3.66

0.0200,0.27,3.93,-0.13,-0.06,-3.66

0.0200,0.27,3.93,-0.06,0.00,-3.66

0.0200,0.27,3.93,0.00,0.25,-3.66

0.0200,0.27,3.93,0.00,0.06,-3.66

0.0200,0.27,3.93,0.13,0.19,-3.66

0.0200,0.27,3.93,0.00,0.13,-3.66

0.0200,0.27,3.93,-0.13,0.06,-3.66

0.0200,0.27,3.93,-0.19,-0.06,-3.66

0.0200,0.27,3.93,-0.37,-0.31,-3.66

0.0200,0.27,3.93,-0.44,-0.31,-3.66

0.0200,0.27,3.93,-0.50,-0.37,-3.66

0.0200,0.27,3.93,-0.50,-0.56,-3.66

0.0200,0.27,3.93,-0.44,-0.56,-3.66

0.0200,0.27,3.93,-0.56,-0.31,-3.66

0.0200,0.27,3.93,-0.50,-0.50,-3.66

0.0200,0.27,3.93,-0.62,-0.62,-3.66

0.0200,0.33,3.93,-1.00,-0.94,-3.60

0.0200,0.33,3.99,-1.00,-0.88,-3.66

0.0200,0.33,3.99,-0.94,-0.94,-3.66

0.0200,0.39,3.99,-0.75,-0.75,-3.60

0.0200,0.39,4.05,-0.88,-1.00,-3.66

0.0200,0.39,4.05,-1.06,-0.75,-3.66

0.0200,0.39,4.05,-0.50,-0.31,-3.66

0.0200,0.39,4.05,0.06,-0.37,-3.66

0.0200,0.39,4.05,-0.50,-0.50,-3.66

0.0200,0.39,4.05,-0.62,-0.69,-3.66

0.0200,0.39,4.05,-0.50,-0.62,-3.66

0.0200,0.39,4.05,-0.50,-0.37,-3.66

0.0200,0.39,4.05,-0.25,-0.19,-3.66

0.0200,0.39,4.05,-0.37,-0.19,-3.66

0.0200,0.45,4.05,-0.56,-0.25,-3.60

0.0200,0.45,4.05,-0.31,-0.13,-3.60

0.0200,0.45,4.05,-0.13,0.06,-3.60

0.0200,0.45,4.05,-0.13,0.00,-3.60

0.0200,0.45,4.05,-0.31,0.00,-3.60

0.0200,0.45,4.05,-0.06,0.00,-3.60

0.0200,0.45,4.05,-0.13,0.06,-3.60

0.0200,0.45,4.05,-0.06,0.19,-3.60

0.0200,0.45,4.05,0.00,0.19,-3.60

0.0200,0.45,4.05,0.31,0.50,-3.60

0.0200,0.45,4.05,0.44,0.62,-3.60

0.0200,0.45,4.05,0.44,0.62,-3.60

0.0200,0.45,4.05,0.50,0.69,-3.60

0.0200,0.45,4.05,0.50,0.62,-3.60

0.0200,0.45,4.05,0.31,0.44,-3.60

0.0200,0.45,4.05,0.06,0.44,-3.60

0.0200,0.45,4.05,0.13,0.25,-3.60

0.0200,0.45,4.05,0.19,0.56,-3.60

0.0200,0.52,4.05,0.31,0.50,-3.54

0.0200,0.52,4.05,0.37,0.06,-3.54

0.0200,0.52,4.05,0.31,0.31,-3.54

0.0200,0.52,3.99,0.56,0.81,-3.47

0.0200,0.45,3.99,0.94,0.75,-3.54

0.0200,0.45,3.99,0.37,0.19,-3.54

0.0200,0.45,4.05,-0.13,0.00,-3.60

0.0200,0.45,4.05,0.31,0.25,-3.60

0.0200,0.52,4.05,0.31,0.37,-3.54

0.0200,0.45,4.05,0.31,0.00,-3.60

0.0200,0.45,4.05,0.13,0.06,-3.60

0.0200,0.45,4.05,0.06,0.00,-3.60

0.0200,0.45,4.05,0.06,0.13,-3.60

0.0200,0.45,4.05,0.00,0.00,-3.60

0.0200,0.45,4.05,0.00,0.00,-3.60

0.0200,0.45,4.05,0.06,0.06,-3.60

0.0200,0.45,4.05,-0.13,-0.25,-3.60

0.0200,0.45,3.99,-0.37,-0.19,-3.54

0.0200,0.45,3.99,-0.06,-0.13,-3.54

0.0200,0.45,3.99,-0.25,-0.13,-3.54

0.0200,0.45,3.99,-0.25,-0.19,-3.54

0.0200,0.45,3.99,-0.13,-0.06,-3.54

0.0200,0.45,3.99,-0.13,-0.31,-3.54

0.0200,0.45,3.99,-0.37,-0.44,-3.54

0.0200,0.45,3.99,-0.62,-0.56,-3.54

0.0200,0.45,3.99,-0.56,-0.56,-3.54

0.0200,0.45,3.99,-0.25,-0.37,-3.54

0.0200,0.45,4.05,-0.44,-0.50,-3.60

0.0200,0.45,4.05,-0.37,-0.62,-3.60

0.0200,0.45,4.05,-0.25,-0.19,-3.60

0.0200,0.45,4.05,0.06,-0.37,-3.60

0.0200,0.45,4.05,-0.13,0.00,-3.60

0.0200,0.45,4.05,0.31,0.13,-3.60

0.0200,0.45,4.05,0.31,0.13,-3.60

0.0200,0.45,4.05,-0.31,-0.31,-3.60

0.0200,0.45,4.05,-0.19,-0.25,-3.60

0.0200,0.45,4.05,0.00,-0.06,-3.60

0.0200,0.45,4.05,0.13,0.06,-3.60

0.0200,0.45,4.05,0.06,-0.06,-3.60

0.0200,0.52,4.05,0.13,0.19,-3.54

0.0200,0.52,4.05,0.44,0.50,-3.54

0.0200,0.52,4.05,0.37,0.56,-3.54

0.0200,0.45,4.05,0.62,0.62,-3.60

0.0200,0.45,3.99,0.88,0.75,-3.54

0.0200,0.45,3.99,0.94,0.88,-3.54

0.0200,0.45,3.99,0.56,0.69,-3.54

0.0200,0.45,3.99,0.44,0.50,-3.54

0.0200,0.45,3.99,0.31,0.50,-3.54

0.0200,0.39,3.93,0.81,0.88,-3.54

0.0200,0.39,3.93,1.12,1.19,-3.54

0.0200,0.39,3.93,0.94,1.00,-3.54

0.0200,0.33,3.87,1.00,0.94,-3.54

0.0200,0.33,3.87,0.88,0.75,-3.54

0.0200,0.33,3.87,1.00,1.00,-3.54

0.0200,0.33,3.80,0.94,0.94,-3.47

0.0200,0.27,3.80,0.75,0.69,-3.54

0.0200,0.27,3.80,0.56,0.44,-3.54

0.0200,0.27,3.80,0.56,0.69,-3.54

0.0200,0.27,3.80,0.94,0.69,-3.54

0.0200,0.27,3.74,0.88,0.75,-3.47

0.0200,0.20,3.74,0.75,1.00,-3.54

0.0200,0.20,3.74,1.00,1.00,-3.54

0.0200,0.20,3.74,0.88,0.81,-3.54

0.0200,0.20,3.68,0.62,0.69,-3.47

0.0200,0.20,3.68,0.50,0.56,-3.47

0.0200,0.20,3.68,0.50,0.50,-3.47

0.0200,0.20,3.68,0.44,0.50,-3.47

0.0200,0.20,3.68,0.37,0.37,-3.47

0.0200,0.20,3.68,0.37,0.50,-3.47

0.0200,0.20,3.68,0.44,0.50,-3.47

0.0200,0.20,3.68,0.25,0.25,-3.47

0.0200,0.20,3.68,0.25,0.44,-3.47

0.0200,0.20,3.68,0.37,0.25,-3.47

0.0200,0.20,3.68,0.25,0.19,-3.47

0.0200,0.20,3.68,0.31,0.06,-3.47

0.0200,0.20,3.68,-0.13,-0.06,-3.47

0.0200,0.20,3.68,-0.19,-0.06,-3.47

0.0200,0.20,3.68,-0.06,-0.19,-3.47

0.0200,0.20,3.68,-0.13,-0.19,-3.47

0.0200,0.20,3.68,-0.13,-0.25,-3.47

0.0200,0.20,3.68,-0.31,-0.31,-3.47

0.0200,0.20,3.68,-0.19,0.25,-3.47

0.0200,0.20,3.68,-0.06,-0.25,-3.47

0.0200,0.20,3.68,-0.37,-0.19,-3.47

0.0200,0.20,3.68,-0.31,-0.31,-3.47

0.0200,0.20,3.74,-0.62,-1.37,-3.54

0.0200,0.20,3.74,-0.56,-0.25,-3.54

0.0200,0.20,3.74,0.06,-0.44,-3.54

0.0200,0.20,3.74,-0.62,-0.50,-3.54

0.0200,0.20,3.74,-0.19,-0.13,-3.54

0.0200,0.20,3.74,0.44,-0.13,-3.54

0.0200,0.20,3.74,-0.50,-0.44,-3.54

0.0200,0.20,3.74,-0.75,-0.62,-3.54

0.0200,0.20,3.74,-0.37,-0.37,-3.54

0.0200,0.20,3.74,-0.31,-0.25,-3.54

0.0200,0.20,3.74,-0.31,-0.37,-3.54

0.0200,0.20,3.74,-0.56,-0.69,-3.54

0.0200,0.27,3.74,-0.81,-0.44,-3.47

0.0200,0.27,3.74,-0.50,-0.25,-3.47

0.0200,0.27,3.74,-0.25,-0.06,-3.47

0.0200,0.27,3.74,-0.06,-0.19,-3.47

0.0200,0.27,3.74,-0.25,-0.37,-3.47

0.0200,0.27,3.74,-0.44,-0.44,-3.47

0.0200,0.27,3.74,-0.56,-0.37,-3.47

0.0200,0.27,3.74,-0.69,-0.37,-3.47

0.0200,0.27,3.74,-0.31,-0.25,-3.47

0.0200,0.27,3.74,-0.25,-0.25,-3.47

0.0200,0.27,3.74,-0.13,-0.19,-3.47

0.0200,0.27,3.74,-0.13,0.00,-3.47

0.0200,0.27,3.74,0.06,0.06,-3.47

0.0200,0.27,3.80,0.06,-0.13,-3.54

0.0200,0.27,3.80,-0.06,0.06,-3.54

0.0200,0.27,3.80,0.06,0.13,-3.54

0.0200,0.27,3.80,0.06,-0.19,-3.54

0.0200,0.27,3.80,0.13,0.06,-3.54

0.0200,0.27,3.80,0.19,0.25,-3.54

0.0200,0.27,3.80,0.56,0.44,-3.54

0.0200,0.27,3.80,0.37,0.56,-3.54

0.0200,0.27,3.74,0.44,0.62,-3.47

0.0200,0.20,3.74,1.06,0.81,-3.54

0.0200,0.20,3.74,0.62,0.44,-3.54

0.0200,0.20,3.74,0.19,0.25,-3.54

0.0200,0.20,3.74,0.25,0.31,-3.54

0.0200,0.20,3.74,0.37,0.19,-3.54

0.0200,0.20,3.74,0.19,0.06,-3.54

0.0200,0.20,3.74,0.06,0.06,-3.54

0.0200,0.20,3.74,0.19,0.06,-3.54

0.0200,0.20,3.74,0.19,0.19,-3.54

0.0200,0.20,3.74,0.31,0.31,-3.54

0.0200,0.20,3.74,0.31,0.06,-3.54

0.0200,0.20,3.74,0.06,0.06,-3.54

0.0200,0.20,3.80,-0.06,-0.19,-3.60

0.0200,0.20,3.80,-0.25,-0.31,-3.60

0.0200,0.20,3.80,-0.37,-0.31,-3.60

0.0200,0.20,3.80,-0.25,-0.31,-3.60

0.0200,0.20,3.80,-0.44,-0.31,-3.60

0.0200,0.20,3.80,-0.37,-0.37,-3.60

0.0200,0.20,3.80,-0.44,-0.37,-3.60

0.0200,0.20,3.80,-0.44,-0.13,-3.60

0.0200,0.20,3.80,-0.44,-0.44,-3.60

0.0200,0.20,3.80,-0.50,-0.31,-3.60

0.0200,0.27,3.80,-0.75,-0.69,-3.54

0.0200,0.27,3.80,-0.69,-0.75,-3.54

0.0200,0.27,3.80,-0.81,-0.81,-3.54

0.0200,0.27,3.87,-0.81,-0.81,-3.60

0.0200,0.27,3.87,-0.56,-0.37,-3.60

0.0200,0.27,3.87,-0.44,-0.50,-3.60

0.0200,0.27,3.87,-0.37,-0.56,-3.60

0.0200,0.27,3.87,-0.56,-0.13,-3.60

0.0200,0.27,3.87,0.06,-0.13,-3.60

0.0200,0.27,3.87,-0.13,-0.56,-3.60

0.0200,0.33,3.87,-0.81,-0.75,-3.54

0.0200,0.33,3.87,-0.56,-0.44,-3.54

0.0200,0.27,3.87,-0.25,-0.13,-3.60

0.0200,0.27,3.87,-0.37,-0.13,-3.60

0.0200,0.33,3.93,-0.56,-3.69,-3.60

0.0200,0.33,3.80,-0.75,14.56,-3.47

0.0200,-0.30,3.24,12.38,-15.44,-3.54

0.0200,-0.55,3.87,34.06,-28.19,-4.41

0.0200,-0.23,4.05,-15.19,-12.19,-4.29

0.0200,0.02,4.05,-14.44,-3.44,-4.04

0.0200,0.08,4.05,-11.31,-5.06,-3.97

0.0200,0.02,3.87,3.50,8.19,-3.85

0.0200,0.14,3.74,-3.69,3.31,-3.60

0.0200,0.20,3.74,-6.25,-0.62,-3.54

0.0200,0.27,3.62,-3.50,7.44,-3.35

0.0200,0.20,3.55,1.69,4.62,-3.35

0.0200,0.14,3.55,5.19,-3.37,-3.41

0.0200,0.08,3.55,2.50,3.69,-3.47

0.0200,-0.05,3.49,5.37,4.62,-3.54

0.0200,-0.17,3.37,5.31,3.06,-3.54

0.0200,-0.17,3.37,2.00,0.06,-3.54

0.0200,-0.17,3.37,-0.50,0.06,-3.54

0.0200,-0.17,3.37,-1.12,0.56,-3.54

0.0200,-0.11,3.37,-1.00,1.56,-3.47

0.0200,-0.17,3.30,0.37,3.19,-3.47

0.0200,-0.17,3.24,2.00,4.19,-3.41

0.0200,-0.30,3.18,3.69,4.19,-3.47

0.0200,-0.36,3.12,3.75,4.06,-3.47

0.0200,-0.42,2.99,4.00,4.19,-3.41

0.0200,-0.48,2.93,4.00,3.75,-3.41

0.0200,-0.55,2.87,2.75,2.69,-3.41

0.0200,-0.61,2.87,1.56,1.50,-3.47

0.0200,-0.61,2.80,1.00,0.31,-3.41

0.0200,-0.61,2.87,0.00,-0.62,-3.47

0.0200,-0.61,2.87,-0.69,-1.12,-3.47

0.0200,-0.61,2.93,-0.75,-1.62,-3.54

0.0200,-0.55,2.99,-0.81,-1.37,-3.54

0.0200,-0.55,2.99,-0.19,-0.06,-3.54

0.0200,-0.55,2.99,-0.81,-1.00,-3.54

0.0200,-0.55,2.99,-0.06,0.25,-3.54

0.0200,-0.55,2.99,0.00,-0.19,-3.54

0.0200,-0.55,2.99,-0.13,-0.44,-3.54

0.0200,-0.55,3.05,-0.81,-0.75,-3.60

0.0200,-0.48,2.49,-5.37,52.19,-2.97

0.0200,-0.80,2.99,19.75,-67.31,-3.79

0.0200,-0.42,4.18,-32.13,-53.19,-4.60

0.0200,0.39,4.80,-41.38,-25.12,-4.41

0.0200,0.83,4.93,-15.25,-4.12,-4.10

0.0200,0.58,4.74,22.69,11.50,-4.16

0.0200,0.14,4.43,19.75,20.25,-4.29

0.0200,0.14,3.99,-5.06,22.87,-3.85

0.0200,0.27,3.80,-4.69,8.00,-3.54

0.0200,0.27,3.68,-0.88,5.12,-3.41

0.0200,0.27,3.62,0.69,2.25,-3.35

0.0200,0.20,3.68,1.31,-3.19,-3.47

0.0200,0.20,3.74,0.75,-3.81,-3.54

0.0200,0.20,3.80,0.81,-1.37,-3.60

0.0200,0.14,3.74,1.44,1.31,-3.60

0.0200,0.14,3.74,0.62,1.87,-3.60

0.0200,0.14,3.68,0.31,2.75,-3.54

0.0200,0.08,3.62,0.94,3.94,-3.54

0.0200,0.08,3.55,0.94,4.19,-3.47

0.0200,0.02,3.43,1.31,4.62,-3.41

0.0200,-0.05,3.37,2.50,5.06,-3.41

0.0200,-0.11,3.24,3.75,4.31,-3.35

0.0200,-0.30,3.18,3.69,2.75,-3.47

0.0200,-0.36,3.18,2.75,1.87,-3.54

0.0200,-0.42,3.12,2.87,1.94,-3.54

0.0200,-0.48,3.05,3.25,2.37,-3.54

0.0200,-0.55,3.05,3.50,2.81,-3.60

0.0200,-0.61,2.99,3.87,3.44,-3.60

0.0200,-0.67,2.93,3.87,3.87,-3.60

0.0200,-0.73,2.93,3.31,3.19,-3.66

0.0200,-0.80,2.87,2.31,2.06,-3.66

0.0200,-0.80,2.87,1.25,1.44,-3.66

0.0200,-0.80,2.87,0.69,1.00,-3.66

0.0200,-0.80,2.87,0.19,0.37,-3.66

0.0200,-0.80,2.74,-0.44,15.19,-3.54

0.0200,-1.11,2.12,24.69,18.37,-3.22

0.0200,-1.86,2.93,37.88,-50.19,-4.79

0.0200,-1.55,3.37,-31.31,-12.50,-4.91

0.0200,-1.11,3.43,-17.12,-2.62,-4.54

0.0200,-0.98,3.37,-1.69,2.44,-4.35

0.0200,-1.05,3.24,4.00,3.69,-4.29

0.0200,-1.05,3.12,0.00,7.94,-4.16

0.0200,-1.05,2.99,-2.19,6.37,-4.04

0.0200,-1.05,2.93,-0.44,4.25,-3.97

0.0200,-1.05,2.80,1.62,5.00,-3.85

0.0200,-1.11,2.74,2.12,4.37,-3.85

0.0200,-1.11,2.74,1.31,0.94,-3.85

0.0200,-1.17,2.68,1.50,1.00,-3.85

0.0200,-1.17,2.62,3.06,3.37,-3.79

0.0200,-1.23,2.55,2.87,3.00,-3.79

0.0200,-1.30,2.55,1.75,2.12,-3.85

0.0200,-1.36,2.49,1.75,2.69,-3.85

0.0200,-1.36,2.43,2.00,3.19,-3.79

0.0200,-1.42,2.37,1.25,2.19,-3.79

0.0200,-1.42,2.37,-0.06,1.12,-3.79

0.0200,-1.42,2.37,-0.62,0.69,-3.79

0.0200,-1.36,2.30,-0.62,0.81,-3.66

0.0200,-1.36,2.30,-0.13,0.69,-3.66

0.0200,-1.36,2.30,0.13,0.19,-3.66

0.0200,-1.36,2.30,0.06,-0.44,-3.66

0.0200,-1.42,2.37,-0.19,-1.25,-3.79

0.0200,-1.42,2.37,-0.69,-2.12,-3.79

0.0200,-1.36,2.43,-1.31,-3.56,-3.79

0.0200,-1.36,2.43,-1.56,-0.25,-3.79

0.0200,-1.36,2.49,-1.06,-0.19,-3.85

0.0200,-1.30,2.49,-1.31,-0.31,-3.79

0.0200,-1.30,2.49,-1.06,-1.19,-3.79

0.0200,-1.23,2.55,-2.50,-2.50,-3.79

0.0200,-1.17,2.62,-2.69,-2.44,-3.79

0.0200,-1.17,2.62,-2.44,-2.31,-3.79

0.0200,-1.11,2.68,-2.44,-2.50,-3.79

0.0200,-1.05,2.74,-2.25,-2.75,-3.79

0.0200,-0.98,2.80,-1.69,-1.37,-3.79

0.0200,-0.98,2.80,-0.50,-1.12,-3.79

0.0200,-0.98,2.80,-0.81,-1.12,-3.79

0.0200,-0.98,2.87,-0.44,-1.25,-3.85

0.0200,-0.98,2.87,-0.06,-0.88,-3.85

0.0200,-0.98,2.87,0.37,-0.37,-3.85

0.0200,-0.92,2.87,0.88,0.19,-3.79

0.0200,-0.92,2.87,0.56,1.00,-3.79

0.0200,-0.92,2.87,0.94,1.12,-3.79

0.0200,-0.92,2.87,1.31,1.62,-3.79

0.0200,-0.98,2.80,1.44,1.81,-3.79

0.0200,-0.98,2.80,1.44,1.87,-3.79

0.0200,-1.05,2.74,1.50,1.94,-3.79

0.0200,-1.05,2.74,1.50,1.69,-3.79

0.0200,-1.11,2.68,1.56,1.62,-3.79

0.0200,-1.11,2.62,1.50,1.62,-3.72

0.0200,-1.17,2.62,1.44,1.44,-3.79

0.0200,-1.17,2.55,1.06,1.19,-3.72

0.0200,-1.23,2.55,1.00,0.94,-3.79

0.0200,-1.23,2.55,0.75,0.81,-3.79

0.0200,-1.23,2.55,0.75,0.69,-3.79

0.0200,-1.23,2.55,0.62,0.44,-3.79

0.0200,-1.23,2.55,0.13,0.19,-3.79

0.0200,-1.23,2.55,0.00,-0.13,-3.79

0.0200,-1.23,2.55,-0.44,-0.25,-3.79

0.0200,-1.23,2.55,-0.44,-0.62,-3.79

0.0200,-1.23,2.55,-0.50,-0.56,-3.79

0.0200,-1.23,2.55,-0.62,-0.88,-3.79

0.0200,-1.23,2.62,-0.75,-1.00,-3.85

0.0200,-1.23,2.62,-0.56,-1.06,-3.85

0.0200,-1.23,2.68,-0.31,-0.94,-3.91

0.0200,-1.17,2.68,-0.75,-0.75,-3.85

0.0200,-1.17,2.68,-0.88,-0.88,-3.85

0.0200,-1.17,2.74,-0.81,-1.00,-3.91

0.0200,-1.11,2.74,-0.75,-0.94,-3.85

0.0200,-1.11,2.74,-0.75,-0.62,-3.85

0.0200,-1.11,2.74,-0.19,-0.56,-3.85

0.0200,-1.11,2.74,-0.44,-0.37,-3.85

0.0200,-1.11,2.74,-0.81,-0.44,-3.85

0.0200,-1.11,2.74,-0.62,-0.31,-3.85

0.0200,-1.05,2.74,-0.94,-0.75,-3.79

0.0200,-1.05,2.80,-1.25,-0.94,-3.85

0.0200,-1.05,2.80,-1.06,-1.00,-3.85

0.0200,-0.98,2.80,-1.12,-0.88,-3.79

0.0200,-0.98,2.80,-1.12,-0.88,-3.79

0.0200,-0.98,2.80,-0.94,-0.44,-3.79

0.0200,-0.98,2.80,-0.31,-0.31,-3.79

0.0200,-0.98,2.80,-0.62,-0.25,-3.79

0.0200,-0.98,2.87,-0.69,-1.00,-3.85

0.0200,-0.98,2.87,-0.75,-1.44,-3.85

0.0200,-0.92,2.87,-0.44,-0.94,-3.79

0.0200,-0.92,2.93,-0.37,-0.44,-3.85

0.0200,-0.92,2.93,-0.56,-0.50,-3.85

0.0200,-0.92,2.93,-0.44,-0.19,-3.85

0.0200,-0.92,2.93,-0.50,0.13,-3.85

0.0200,-0.92,2.93,-0.44,0.13,-3.85

0.0200,-0.92,2.93,-0.19,0.13,-3.85

0.0200,-0.92,2.93,-0.25,-0.06,-3.85

0.0200,-0.92,2.93,-0.44,-0.19,-3.85

0.0200,-0.92,2.93,-0.37,0.00,-3.85

0.0200,-0.92,2.93,-0.06,-0.25,-3.85

0.0200,-0.92,2.93,-0.13,-0.25,-3.85

0.0200,-0.92,2.93,0.44,0.37,-3.85

0.0200,-0.92,2.93,0.75,0.44,-3.85

0.0200,-0.92,2.93,0.69,0.56,-3.85

0.0200,-0.92,2.93,0.31,0.13,-3.85

0.0200,-0.92,2.93,0.31,0.44,-3.85

0.0200,-0.92,2.93,0.81,0.75,-3.85

0.0200,-0.98,2.87,0.75,1.19,-3.85

0.0200,-0.98,2.87,0.62,1.12,-3.85

0.0200,-0.98,2.87,0.56,0.88,-3.85

0.0200,-0.98,2.87,0.81,1.12,-3.85

0.0200,-0.98,2.80,0.75,1.12,-3.79

0.0200,-0.98,2.80,0.62,0.94,-3.79

0.0200,-0.98,2.80,0.69,0.88,-3.79

0.0200,-1.05,2.74,0.94,0.94,-3.79

0.0200,-1.05,2.74,1.19,0.88,-3.79

0.0200,-1.05,2.74,1.12,1.37,-3.79

0.0200,-1.11,2.68,1.19,1.50,-3.79

0.0200,-1.11,2.68,1.00,1.31,-3.79

0.0200,-1.11,2.68,1.06,1.00,-3.79

0.0200,-1.11,2.62,1.00,0.88,-3.72

0.0200,-1.17,2.62,0.69,1.06,-3.79

0.0200,-1.17,2.62,0.56,0.88,-3.79

0.0200,-1.11,2.62,0.31,0.44,-3.72

0.0200,-1.11,2.62,0.44,0.69,-3.72

0.0200,-1.11,2.62,0.56,1.06,-3.72

0.0200,-1.11,2.62,0.44,0.94,-3.72

0.0200,-1.11,2.62,0.19,0.56,-3.72

0.0200,-1.11,2.62,0.56,0.31,-3.72

0.0200,-1.11,2.62,1.00,0.44,-3.72

0.0200,-1.17,2.62,0.81,0.31,-3.79

0.0200,-1.11,2.62,0.06,0.13,-3.72

0.0200,-1.11,2.62,-0.31,-0.25,-3.72

0.0200,-1.11,2.62,-0.69,-0.62,-3.72

0.0200,-1.11,2.68,-0.69,-0.69,-3.79

0.0200,-1.11,2.68,-1.00,-0.88,-3.79

0.0200,-1.05,2.68,-0.81,-0.81,-3.72

0.0200,-1.05,2.68,-0.75,-0.88,-3.72

0.0200,-1.05,2.74,-1.00,-0.88,-3.79

0.0200,-1.05,2.74,-0.88,-0.88,-3.79

0.0200,-0.98,2.74,-0.69,-0.88,-3.72

0.0200,-0.98,2.74,-0.37,-0.31,-3.72

0.0200,-0.98,2.74,-0.13,-0.44,-3.72

0.0200,-0.98,2.74,-0.50,-0.44,-3.72

0.0200,-0.98,2.74,-1.00,-0.69,-3.72

0.0200,-0.98,2.80,-1.06,-0.75,-3.79

0.0200,-0.98,2.80,-0.81,-0.69,-3.79

0.0200,-0.98,2.80,-0.56,-0.62,-3.79

0.0200,-0.92,2.80,-0.69,-0.69,-3.72

0.0200,-0.92,2.80,-0.81,-0.94,-3.72

0.0200,-0.92,2.80,-1.00,-0.75,-3.72

0.0200,-0.92,2.87,-0.88,-0.62,-3.79

0.0200,-0.86,2.87,-0.75,-0.69,-3.72

0.0200,-0.86,2.87,-0.56,-0.62,-3.72

0.0200,-0.86,2.87,-0.31,-0.37,-3.72

0.0200,-0.86,2.87,0.25,0.13,-3.72

0.0200,-0.86,2.87,0.37,0.31,-3.72

0.0200,-0.86,2.87,0.50,0.50,-3.72

0.0200,-0.86,2.87,0.13,0.31,-3.72

0.0200,-0.86,2.87,0.44,0.44,-3.72

0.0200,-0.86,2.87,0.62,0.56,-3.72

0.0200,-0.86,2.87,0.75,0.69,-3.72

0.0200,-0.86,2.87,0.56,0.56,-3.72

0.0200,-0.86,2.87,0.44,0.56,-3.72

0.0200,-0.86,2.87,0.25,0.50,-3.72

0.0200,-0.86,2.87,-0.25,0.19,-3.72

0.0200,-0.86,2.87,-0.50,0.00,-3.72

0.0200,-0.86,2.87,-0.31,-0.19,-3.72

0.0200,-0.86,2.87,-0.81,-0.37,-3.72

0.0200,-0.86,2.87,-0.94,-0.88,-3.72

0.0200,-0.86,2.93,-0.56,-1.12,-3.79

0.0200,-0.86,2.93,-0.44,-0.81,-3.79

0.0200,-0.86,2.93,-0.31,-0.69,-3.79

0.0200,-0.86,2.93,-0.50,-0.50,-3.79

0.0200,-0.86,2.93,-0.69,-0.50,-3.79

0.0200,-0.86,2.99,-0.81,-0.88,-3.85

0.0200,-0.86,2.99,-0.50,-0.75,-3.85

0.0200,-0.86,2.99,0.06,-0.69,-3.85

0.0200,-0.86,2.99,0.25,-0.37,-3.85

0.0200,-0.86,2.99,0.37,-0.06,-3.85

0.0200,-0.86,2.99,0.25,0.25,-3.85

0.0200,-0.86,2.99,0.37,0.69,-3.85

0.0200,-0.86,2.99,0.06,0.50,-3.85

0.0200,-0.86,2.99,0.19,0.25,-3.85

0.0200,-0.86,2.99,0.19,0.31,-3.85

0.0200,-0.86,2.99,0.44,0.44,-3.85

0.0200,-0.86,2.99,0.44,0.37,-3.85

0.0200,-0.86,2.99,0.56,0.25,-3.85

0.0200,-0.86,2.99,0.62,0.31,-3.85

0.0200,-0.86,2.99,1.00,0.44,-3.85

0.0200,-0.92,2.99,0.62,0.56,-3.91

0.0200,-0.92,2.99,-0.06,0.13,-3.91

0.0200,-0.92,2.99,-0.37,-0.37,-3.91

0.0200,-0.92,2.99,0.19,-0.69,-3.91

0.0200,-0.92,2.99,1.12,-0.50,-3.91

0.0200,-0.98,2.99,2.69,0.50,-3.97

0.0200,-1.05,2.93,3.44,1.62,-3.97

0.0200,-1.11,2.87,3.25,1.69,-3.97

0.0200,-1.17,2.87,2.12,1.56,-4.04

0.0200,-1.17,2.87,0.06,-0.31,-4.04

0.0200,-1.17,2.87,-1.19,-2.12,-4.04

0.0200,-1.11,2.93,-1.87,-3.06,-4.04

0.0200,-1.05,2.99,-2.19,-3.37,-4.04

0.0200,-1.05,3.12,-2.75,-3.37,-4.16

0.0200,-0.92,3.18,-3.50,-3.94,-4.10

0.0200,-0.86,3.30,-4.19,-4.87,-4.16

0.0200,-0.80,3.37,-4.12,-5.19,-4.16

0.0200,-0.73,3.49,-3.44,-4.62,-4.22

0.0200,-0.67,3.55,-2.31,-3.25,-4.22

0.0200,-0.61,3.55,-1.31,-1.81,-4.16

0.0200,-0.61,3.62,-0.56,-0.88,-4.22

0.0200,-0.61,3.62,-0.56,-0.25,-4.22

0.0200,-0.55,3.62,-0.81,-0.06,-4.16

0.0200,-0.55,3.62,-1.06,-0.31,-4.16

0.0200,-0.55,3.62,-1.25,-0.56,-4.16

0.0200,-0.55,3.62,-0.75,-0.69,-4.16

0.0200,-0.55,3.62,-0.37,-0.31,-4.16

0.0200,-0.55,3.62,-0.06,0.25,-4.16

0.0200,-0.48,3.62,0.37,0.44,-4.10

0.0200,-0.55,3.62,0.69,0.81,-4.16

0.0200,-0.55,3.55,0.81,1.19,-4.10

0.0200,-0.55,3.55,1.37,1.62,-4.10

0.0200,-0.61,3.49,2.06,1.81,-4.10

0.0200,-0.67,3.43,2.44,2.31,-4.10

0.0200,-0.73,3.37,3.12,2.87,-4.10

0.0200,-0.80,3.30,4.12,3.62,-4.10

0.0200,-0.86,3.18,4.94,4.00,-4.04

0.0200,-0.98,3.12,5.87,4.37,-4.10

0.0200,-1.11,2.99,6.12,4.81,-4.10

0.0200,-1.23,2.93,6.12,4.94,-4.16

0.0200,-1.36,2.80,6.06,3.62,-4.16

0.0200,-1.48,2.80,5.75,1.75,-4.29

0.0200,-1.61,2.74,5.94,0.44,-4.35

0.0200,-1.73,2.80,6.31,-1.19,-4.54

0.0200,-1.86,2.80,5.75,-3.25,-4.66

0.0200,-1.98,2.99,4.87,-7.81,-4.97

0.0200,-2.05,3.18,3.81,-11.81,-5.22

0.0200,-2.11,3.43,1.81,-13.50,-5.54

0.0200,-2.17,3.74,-0.06,-13.75,-5.91

0.0200,-2.17,4.05,-3.56,-20.56,-6.22

0.0200,-2.05,4.55,-8.31,-25.62,-6.60

0.0200,-1.86,5.12,-9.88,-30.87,-6.97

0.0200,-1.55,5.87,-14.63,-37.94,-7.41

0.0200,-1.17,6.62,-20.06,-38.56,-7.79

0.0200,-0.67,7.43,-21.75,-45.19,-8.10

0.0200,-0.17,8.43,-25.00,-55.06,-8.60

0.0200,0.20,9.68,-15.94,-68.37,-9.47

0.0200,0.39,11.24,-6.81,-82.62,-10.85

0.0200,0.52,13.05,-3.00,-92.75,-12.54

0.0200,0.58,14.99,-2.12,-100.69,-14.41

0.0200,0.58,17.05,-1.44,-107.56,-16.47

0.0200,0.64,19.18,-2.44,-112.69,-18.54

0.0200,0.77,21.37,-5.37,-110.87,-20.60

0.0200,0.89,23.49,-6.69,-112.75,-22.60

0.0200,1.02,25.68,-7.31,-112.31,-24.66

0.0200,1.14,27.93,-5.31,-115.75,-26.79

0.0200,1.20,30.18,-2.69,-117.19,-28.97

0.0200,1.27,32.49,-4.19,-119.81,-31.22

0.0200,1.39,34.80,-2.94,-120.94,-33.41

0.0200,1.45,37.18,-3.44,-121.94,-35.72

0.0200,1.52,39.62,0.81,-126.31,-38.10

0.0200,1.52,42.12,4.25,-130.00,-40.60

0.0200,1.39,44.68,5.81,-133.44,-43.29

0.0200,1.33,47.30,4.81,-134.50,-45.97

0.0200,1.33,49.87,4.69,-133.25,-48.54

0.0200,1.20,52.49,7.19,-134.06,-51.29

0.0200,1.08,55.12,8.50,-139.00,-54.04

0.0200,0.95,57.87,6.50,-142.12,-56.91

0.0200,0.95,61.87,3.31,-136.12,-60.91

0.0200,0.83,64.55,8.06,-137.75,-63.72

0.0200,0.70,67.24,6.81,-140.37,-66.54

0.0200,0.70,69.87,4.94,-136.19,-69.16

0.0200,0.70,72.37,2.50,-131.19,-71.66

0.0200,0.70,74.80,2.37,-127.69,-74.10

0.0200,0.64,77.12,2.69,-123.75,-76.47

0.0200,0.64,79.18,0.37,-113.12,-78.54

0.0200,0.70,79.49,-1.06,-108.81,-78.79

0.0200,0.77,77.62,-3.19,-106.31,-76.85

0.0200,0.89,75.74,-0.94,-99.69,-74.85

0.0200,0.83,74.05,5.31,-89.56,-73.22

0.0200,0.77,72.55,6.56,-80.50,-71.79

0.0200,0.77,71.30,-2.19,-69.06,-70.54

0.0200,0.89,70.30,-3.00,-52.44,-69.41

0.0200,0.95,69.43,-2.12,-47.31,-68.47

0.0200,1.08,68.68,-3.19,-42.00,-67.60

0.0200,1.20,67.99,-4.19,-35.13,-66.79

0.0200,1.33,67.49,-3.94,-29.81,-66.16

0.0200,1.45,67.12,-4.12,-20.50,-65.66

0.0200,1.64,66.87,-6.44,-12.44,-65.22

0.0200,1.95,66.68,-7.37,-7.87,-64.72

0.0200,2.08,66.68,-5.25,-1.62,-64.60

0.0200,2.14,66.93,-3.06,7.94,-64.79

0.0200,2.27,67.30,-0.50,19.56,-65.04

0.0200,2.33,67.74,3.12,24.19,-65.41

0.0200,2.20,68.30,5.44,26.56,-66.10

0.0200,1.95,68.99,9.94,35.31,-67.04

0.0200,1.77,69.87,13.38,44.00,-68.10

0.0200,1.45,70.80,14.94,47.19,-69.35

0.0200,1.14,71.68,14.19,45.50,-70.54

0.0200,0.89,72.49,11.94,44.69,-71.60

0.0200,0.64,73.49,13.25,51.69,-72.85

0.0200,0.33,74.55,15.06,58.56,-74.22

0.0200,0.02,75.55,11.00,57.75,-75.54

0.0200,-0.23,76.55,13.38,61.88,-76.79

0.0200,-0.55,77.37,14.50,58.06,-77.91

0.0200,-0.80,77.99,11.00,63.56,-78.79

0.0200,-1.05,78.05,11.31,77.69,-79.10

0.0200,-1.36,77.24,12.31,84.31,-78.60

0.0200,-1.61,75.87,9.69,89.94,-77.47

0.0200,-1.80,74.30,7.06,91.62,-76.10

0.0200,-1.92,72.68,3.94,89.50,-74.60

0.0200,-1.98,70.87,1.06,95.06,-72.85

0.0200,-2.05,68.99,-0.69,103.06,-71.04

0.0200,-2.11,66.93,3.62,103.19,-69.04

0.0200,-2.30,65.05,5.31,99.37,-67.35

0.0200,-2.42,63.12,3.12,97.75,-65.54

0.0200,-2.55,61.30,3.37,96.50,-63.85

0.0200,-2.67,59.30,5.81,102.87,-61.97

0.0200,-2.86,57.24,6.56,109.56,-60.10

0.0200,-2.98,55.12,5.50,105.37,-58.10

0.0200,-3.11,53.30,3.75,94.00,-56.41

0.0200,-3.23,51.49,4.37,93.62,-54.72

0.0200,-3.42,49.68,8.69,94.69,-53.10

0.0200,-3.67,47.80,9.56,92.37,-51.47

0.0200,-3.80,46.05,6.19,91.19,-49.85

0.0200,-3.92,44.18,2.25,98.62,-48.10

0.0200,-4.05,42.30,6.62,96.87,-46.35

0.0200,-4.23,40.43,9.06,95.62,-44.66

0.0200,-4.48,38.68,8.63,88.56,-43.16

0.0200,-4.61,36.93,5.00,89.44,-41.54

0.0200,-4.80,35.12,4.75,95.12,-39.91

0.0200,-4.86,33.12,2.31,103.62,-37.97

0.0200,-4.92,31.12,-0.56,102.06,-36.04

0.0200,-4.92,29.18,-1.37,97.37,-34.10

0.0200,-4.86,27.30,-3.75,97.62,-32.16

0.0200,-4.86,25.37,-2.81,100.50,-30.22

0.0200,-4.80,23.37,-4.37,106.62,-28.16

0.0200,-4.67,21.24,-8.75,108.50,-25.91

0.0200,-4.48,19.18,-11.50,105.25,-23.66

0.0200,-4.30,17.18,-11.00,102.25,-21.47

0.0200,-4.11,15.18,-10.38,101.50,-19.29

0.0200,-3.98,13.24,-7.37,100.50,-17.22

0.0200,-3.86,11.30,-6.44,98.62,-15.16

0.0200,-3.73,9.43,-5.44,95.31,-13.16

0.0200,-3.73,7.68,-0.69,90.75,-11.41

0.0200,-3.80,5.99,3.69,87.06,-9.79

0.0200,-3.92,4.37,7.75,80.75,-8.29

0.0200,-4.17,2.93,8.94,75.50,-7.10

0.0200,-4.42,1.55,10.69,67.75,-5.97

0.0200,-4.67,0.30,9.63,65.94,-4.97

0.0200,-4.92,-0.95,11.19,61.31,-3.97

0.0200,-5.17,-2.01,15.25,53.00,-3.16

0.0200,-5.48,-2.88,16.81,45.63,-2.60

0.0200,-5.80,-3.70,17.12,38.94,-2.10

0.0200,-6.17,-4.20,17.81,34.13,-1.97

0.0200,-6.48,-4.57,16.12,31.12,-1.91

0.0200,-6.73,-5.07,13.50,25.94,-1.66

0.0200,-6.92,-5.51,9.31,18.56,-1.41

0.0200,-7.05,-5.51,5.06,12.13,-1.54

0.0200,-7.11,-5.32,1.62,6.37,-1.79

0.0200,-7.05,-5.20,-1.94,1.25,-1.85

0.0200,-6.98,-5.13,-4.69,-5.56,-1.85

0.0200,-6.86,-4.57,-8.69,-12.06,-2.29

0.0200,-6.61,-3.95,-13.00,-17.31,-2.66

0.0200,-6.30,-3.57,-16.69,-22.19,-2.72

0.0200,-5.92,-3.07,-19.62,-28.00,-2.85

0.0200,-5.48,-2.45,-22.75,-32.63,-3.04

0.0200,-5.05,-1.76,-24.12,-35.06,-3.29

0.0200,-4.61,-1.01,-22.25,-39.00,-3.60

0.0200,-4.23,-0.20,-20.69,-42.94,-4.04

0.0200,-3.86,0.62,-21.50,-40.63,-4.47

0.0200,-3.48,1.30,-23.94,-32.50,-4.79

0.0200,-2.98,2.18,-23.19,-50.88,-5.16

0.0200,-2.23,3.68,-44.06,-79.56,-5.91

0.0200,-1.11,5.12,-52.38,-70.56,-6.22

0.0200,-0.23,6.55,-43.25,-72.81,-6.79

0.0200,0.70,7.99,-45.25,-71.75,-7.29

0.0200,1.52,9.49,-38.00,-81.19,-7.97

0.0200,2.14,11.24,-27.19,-93.19,-9.10

0.0200,2.52,13.24,-19.56,-106.69,-10.72

0.0200,2.83,15.43,-15.25,-113.00,-12.60

0.0200,3.14,17.62,-14.00,-116.25,-14.47

0.0200,3.39,19.93,-13.31,-120.00,-16.54

0.0200,3.70,22.30,-13.44,-123.56,-18.60

0.0200,3.95,24.80,-11.44,-127.81,-20.85

0.0200,4.27,27.30,-13.19,-127.50,-23.04

0.0200,4.52,29.74,-12.31,-126.12,-25.22

0.0200,4.77,32.18,-10.44,-125.31,-27.41

0.0200,4.95,34.62,-7.87,-126.44,-29.66

0.0200,5.14,37.12,-4.94,-128.87,-31.97

0.0200,5.33,39.55,-7.31,-124.62,-34.22

0.0200,5.52,41.93,-4.50,-122.75,-36.41

0.0200,5.64,44.18,-3.94,-116.81,-38.54

0.0200,5.70,46.49,1.37,-118.62,-40.79

0.0200,5.64,48.74,5.06,-119.50,-43.10

0.0200,5.58,50.99,3.37,-115.19,-45.41

0.0200,5.52,53.18,3.25,-112.50,-47.66

0.0200,5.52,55.30,4.25,-110.44,-49.79

0.0200,5.39,57.37,8.06,-107.06,-51.97

0.0200,5.20,59.43,12.25,-108.69,-54.22

0.0200,4.95,61.49,13.44,-105.94,-56.54

0.0200,4.77,63.49,11.81,-103.62,-58.72

0.0200,4.52,65.43,15.06,-102.50,-60.91

0.0200,4.27,67.37,19.12,-102.75,-63.10

0.0200,3.89,69.37,21.37,-106.12,-65.47

0.0200,3.52,71.30,18.44,-104.94,-67.79

0.0200,3.20,73.18,17.62,-101.12,-69.97

0.0200,2.89,74.87,18.62,-94.87,-71.97

0.0200,2.52,76.37,20.75,-92.37,-73.85

0.0200,2.14,77.30,19.81,-88.31,-75.16

0.0200,1.83,77.62,15.25,-76.31,-75.79

0.0200,1.58,77.18,12.19,-69.56,-75.60

0.0200,1.39,76.37,10.38,-66.94,-74.97

0.0200,1.27,75.43,8.50,-61.06,-74.16

0.0200,1.14,74.43,7.87,-53.69,-73.29

0.0200,1.08,73.55,7.56,-47.88,-72.47

0.0200,0.89,72.80,6.87,-41.56,-71.91

0.0200,0.83,72.12,3.19,-36.13,-71.29

0.0200,0.83,71.55,-1.44,-33.06,-70.72

0.0200,0.83,70.99,-1.37,-28.94,-70.16

0.0200,0.89,70.62,-0.69,-24.75,-69.72

0.0200,0.89,70.30,-1.19,-17.56,-69.41

0.0200,0.89,70.12,-1.19,-13.31,-69.22

0.0200,0.95,69.93,-1.94,-8.81,-68.97

0.0200,1.02,69.87,-4.25,-2.69,-68.85

0.0200,1.08,69.93,-3.69,5.12,-68.85

0.0200,1.14,70.12,-2.44,13.38,-68.97

0.0200,1.20,70.43,-1.50,17.69,-69.22

0.0200,1.27,70.74,1.12,21.00,-69.47

0.0200,1.14,71.12,4.37,25.19,-69.97

0.0200,1.02,71.62,6.12,33.63,-70.60

0.0200,0.77,72.30,9.19,43.88,-71.54

0.0200,0.58,73.05,11.25,46.94,-72.47

0.0200,0.27,73.68,13.88,43.25,-73.41

0.0200,-0.05,74.24,13.13,39.38,-74.29

0.0200,-0.23,74.87,7.37,57.44,-75.10

0.0200,-0.36,75.68,7.87,82.44,-76.04

0.0200,-0.61,76.24,10.13,90.00,-76.85

0.0200,-0.80,76.12,5.69,95.25,-76.91

0.0200,-0.86,75.24,2.31,99.62,-76.10

0.0200,-0.92,73.93,0.94,96.69,-74.85

0.0200,-0.98,72.30,0.50,99.94,-73.29

0.0200,-0.98,70.49,-0.56,109.87,-71.47

0.0200,-1.11,68.55,5.12,103.94,-69.66

0.0200,-1.23,66.74,2.81,102.56,-67.97

0.0200,-1.30,64.87,4.06,99.12,-66.16

0.0200,-1.42,62.99,3.12,100.75,-64.41

0.0200,-1.55,61.05,3.81,101.06,-62.60

0.0200,-1.55,59.12,-0.62,106.25,-60.66

0.0200,-1.61,57.18,1.75,97.50,-58.79

0.0200,-1.67,55.37,1.31,96.25,-57.04

0.0200,-1.80,53.55,6.12,93.37,-55.35

0.0200,-1.92,51.74,5.94,93.69,-53.66

0.0200,-2.05,49.99,5.19,91.12,-52.04

0.0200,-2.11,48.18,1.37,97.75,-50.29

0.0200,-2.17,46.30,5.69,93.87,-48.47

0.0200,-2.36,44.55,5.56,89.62,-46.91

0.0200,-2.42,42.93,5.12,83.62,-45.35

0.0200,-2.55,41.37,3.12,82.75,-43.91

0.0200,-2.61,39.74,2.69,81.87,-42.35

0.0200,-2.61,38.18,-0.44,83.62,-40.79

0.0200,-2.55,36.43,-4.12,89.12,-38.97

0.0200,-2.48,34.74,-2.31,89.31,-37.22

0.0200,-2.48,32.99,-1.00,90.56,-35.47

0.0200,-2.48,31.18,-2.81,93.06,-33.66

0.0200,-2.30,29.43,-3.62,89.56,-31.72

0.0200,-2.30,27.62,-5.06,92.25,-29.91

0.0200,-2.23,25.74,-6.69,97.06,-27.97

0.0200,-2.11,23.74,-4.81,102.75,-25.85

0.0200,-2.17,21.87,1.31,96.75,-24.04

0.0200,-2.23,19.99,0.75,95.62,-22.22

0.0200,-2.30,18.24,1.94,88.81,-20.54

0.0200,-2.30,16.49,-0.13,88.87,-18.79

0.0200,-2.36,14.80,2.00,86.37,-17.16

0.0200,-2.42,13.18,3.06,83.37,-15.60

0.0200,-2.55,11.74,4.25,73.69,-14.29

0.0200,-2.61,10.30,4.12,73.00,-12.91

0.0200,-2.67,8.93,6.37,71.87,-11.60

0.0200,-2.86,7.68,9.31,64.75,-10.54

0.0200,-3.11,6.49,10.50,59.94,-9.60

0.0200,-3.36,5.24,12.06,61.19,-8.60

0.0200,-3.61,4.05,14.06,60.06,-7.66

0.0200,-3.92,2.93,13.69,57.06,-6.85

0.0200,-4.17,1.93,11.56,50.81,-6.10

0.0200,-4.36,0.99,9.19,46.88,-5.35

0.0200,-4.48,-0.13,8.31,40.81,-4.35

0.0200,-4.67,-0.76,8.81,33.00,-3.91

0.0200,-4.86,-1.20,10.56,26.50,-3.66

0.0200,-5.05,-1.45,12.00,20.12,-3.60

0.0200,-5.30,-1.70,13.25,12.06,-3.60

0.0200,-5.55,-1.82,10.56,8.75,-3.72

0.0200,-5.67,-1.88,6.50,5.69,-3.79

0.0200,-5.73,-1.82,1.75,-0.25,-3.91

0.0200,-5.67,-1.70,-3.62,-6.69,-3.97

0.0200,-5.48,-1.38,-7.94,-12.31,-4.10

0.0200,-5.30,-0.95,-10.25,-16.37,-4.35

0.0200,-5.11,-0.51,-11.63,-19.31,-4.60

0.0200,-4.86,-0.07,-13.25,-22.69,-4.79

0.0200,-4.55,0.55,-14.81,-29.37,-5.10

0.0200,-4.23,1.30,-16.31,-36.44,-5.54

0.0200,-3.86,2.05,-19.62,-39.56,-5.91

0.0200,-3.48,2.80,-24.56,-36.63,-6.29

0.0200,-2.92,3.68,-25.75,-41.56,-6.60

0.0200,-2.36,4.93,-29.06,-58.19,-7.29

0.0200,-1.55,6.30,-42.63,-69.87,-7.85

0.0200,-0.61,7.74,-46.38,-71.31,-8.35

0.0200,0.39,9.24,-46.81,-74.50,-8.85

0.0200,1.39,10.80,-50.13,-77.19,-9.41

0.0200,2.39,12.43,-49.50,-81.37,-10.04

0.0200,3.20,14.43,-34.81,-97.50,-11.22

0.0200,3.70,16.55,-22.31,-110.31,-12.85

0.0200,4.08,18.80,-18.81,-114.69,-14.72

0.0200,4.33,21.05,-16.87,-117.50,-16.72

0.0200,4.64,23.37,-16.69,-117.75,-18.72

0.0200,4.95,25.62,-15.13,-118.75,-20.66

0.0200,5.27,27.80,-18.81,-114.75,-22.54

0.0200,5.70,29.99,-21.19,-112.81,-24.29

0.0200,6.14,32.12,-20.31,-109.00,-25.97

0.0200,6.52,34.12,-19.19,-105.81,-27.60

0.0200,6.89,36.12,-16.31,-104.31,-29.22

0.0200,7.14,38.18,-13.75,-103.81,-31.04

0.0200,7.39,40.05,-12.56,-100.50,-32.66

0.0200,7.64,41.93,-11.69,-97.12,-34.29

0.0200,7.83,43.74,-7.37,-94.31,-35.91

0.0200,7.95,45.49,-3.50,-91.12,-37.54

0.0200,7.95,47.24,1.56,-92.00,-39.29

0.0200,7.83,49.05,6.62,-91.81,-41.22

0.0200,7.64,50.87,10.56,-94.19,-43.22

0.0200,7.45,52.62,10.31,-90.31,-45.16

0.0200,7.20,54.30,13.63,-85.75,-47.10

0.0200,6.95,55.93,15.75,-84.31,-48.97

0.0200,6.58,57.55,19.94,-83.50,-50.97

0.0200,6.20,59.18,20.75,-83.44,-52.97

0.0200,5.77,60.68,23.56,-77.37,-54.91

0.0200,5.33,62.18,23.31,-74.37,-56.85

0.0200,4.89,63.49,20.75,-67.81,-58.60

0.0200,4.52,64.74,23.31,-63.88,-60.22

0.0200,4.08,65.93,27.44,-60.50,-61.85

0.0200,3.52,67.12,26.31,-62.25,-63.60

0.0200,3.08,68.24,23.00,-58.94,-65.16

0.0200,2.70,69.30,18.81,-55.50,-66.60

0.0200,2.39,70.24,17.44,-49.63,-67.85

0.0200,2.08,71.24,16.69,-50.88,-69.16

0.0200,1.83,72.12,14.25,-47.94,-70.29

0.0200,1.58,72.93,12.63,-44.81,-71.35

0.0200,1.33,73.62,13.25,-41.88,-72.29

0.0200,1.08,74.18,13.56,-39.06,-73.10

0.0200,0.83,74.80,14.06,-37.50,-73.97

0.0200,0.52,75.43,12.81,-35.69,-74.91

0.0200,0.33,75.93,11.25,-29.44,-75.60

0.0200,0.08,76.37,11.38,-23.44,-76.29

0.0200,-0.17,76.80,11.44,-21.44,-76.97

0.0200,-0.36,77.18,10.00,-19.94,-77.54

0.0200,-0.55,77.62,9.88,-20.44,-78.16

0.0200,-0.80,77.99,12.38,-19.87,-78.79

0.0200,-1.05,78.30,12.44,-19.69,-79.35

0.0200,-1.23,78.62,9.00,-17.56,-79.85

0.0200,-1.30,78.74,1.50,-10.19,-80.04

0.0200,-1.23,78.68,-3.69,-0.94,-79.91

0.0200,-1.11,78.55,-6.56,6.69,-79.66

0.0200,-0.98,78.30,-5.62,13.00,-79.29

0.0200,-0.98,77.99,-3.44,18.25,-78.97

0.0200,-0.98,77.55,-1.06,22.62,-78.54

0.0200,-1.05,77.05,1.62,24.31,-78.10

0.0200,-1.11,76.62,3.50,25.94,-77.72

0.0200,-1.23,76.12,3.87,24.44,-77.35

0.0200,-1.36,75.68,3.37,20.69,-77.04

0.0200,-1.42,75.24,3.75,24.69,-76.66

0.0200,-1.48,74.55,0.37,46.06,-76.04

0.0200,-1.48,73.55,-3.19,65.19,-75.04

0.0200,-1.36,72.30,-9.25,73.50,-73.66

0.0200,-1.11,70.87,-13.63,85.31,-71.97

0.0200,-0.86,69.05,-10.56,101.00,-69.91

0.0200,-0.80,67.18,-6.25,100.50,-67.97

0.0200,-0.67,65.37,-6.81,93.87,-66.04

0.0200,-0.55,63.62,-8.94,89.50,-64.16

0.0200,-0.42,61.80,-6.75,95.12,-62.22

0.0200,-0.36,59.80,-6.25,105.81,-60.16

0.0200,-0.30,57.93,-1.31,97.12,-58.22

0.0200,-0.30,56.05,-3.56,93.81,-56.35

0.0200,-0.30,54.30,-0.94,89.75,-54.60

0.0200,-0.42,52.55,0.13,93.62,-52.97

0.0200,-0.42,50.74,0.06,93.12,-51.16

0.0200,-0.36,48.80,-4.12,101.06,-49.16

0.0200,-0.36,46.93,0.31,97.31,-47.29

0.0200,-0.48,45.12,2.87,91.75,-45.60

0.0200,-0.55,43.43,2.37,87.62,-43.97

0.0200,-0.61,41.68,2.94,88.50,-42.29

0.0200,-0.67,39.93,2.87,93.06,-40.60

0.0200,-0.73,38.05,1.50,98.62,-38.79

0.0200,-0.80,36.24,3.37,90.69,-37.04

0.0200,-0.86,34.55,1.06,88.00,-35.41

0.0200,-0.86,32.74,-0.69,94.31,-33.60

0.0200,-0.92,30.99,3.25,92.87,-31.91

0.0200,-0.98,29.12,0.69,96.44,-30.10

0.0200,-0.92,27.24,-2.31,100.19,-28.16

0.0200,-0.86,25.24,-3.81,104.75,-26.10

0.0200,-0.92,23.24,1.12,101.62,-24.16

0.0200,-0.92,21.24,1.50,105.19,-22.16

0.0200,-1.05,19.24,4.12,101.56,-20.29

0.0200,-1.17,17.18,4.44,105.00,-18.35

0.0200,-1.36,15.12,7.94,105.87,-16.47

0.0200,-1.61,13.12,13.25,101.31,-14.72

0.0200,-1.92,11.30,17.56,93.94,-13.22

0.0200,-2.30,9.55,21.56,87.37,-11.85

0.0200,-2.73,8.05,25.56,79.81,-10.79

0.0200,-3.23,6.62,27.12,72.00,-9.85

0.0200,-3.73,5.37,28.25,65.37,-9.10

0.0200,-4.30,4.24,32.75,57.56,-8.54

0.0200,-4.98,3.24,34.00,50.63,-8.22

0.0200,-5.61,2.37,35.38,45.00,-7.97

0.0200,-6.30,1.55,34.44,43.81,-7.85

0.0200,-6.92,0.62,32.38,45.44,-7.54

0.0200,-7.55,-0.07,29.94,37.31,-7.47

0.0200,-7.98,-0.76,24.56,33.81,-7.22

0.0200,-8.42,-1.32,20.50,28.06,-7.10

0.0200,-8.67,-1.57,16.44,22.50,-7.10

0.0200,-8.92,-1.45,12.19,16.94,-7.47

0.0200,-9.05,-1.26,7.69,11.50,-7.79

0.0200,-9.05,-1.07,2.87,5.69,-7.97

0.0200,-9.05,-0.82,-5.37,3.44,-8.22

0.0200,-8.80,-0.70,-13.88,1.31,-8.10

0.0200,-8.42,-0.70,-18.87,-2.25,-7.72

0.0200,-8.05,-0.57,-22.00,-6.37,-7.47

0.0200,-7.61,-0.38,-22.87,-14.25,-7.22

0.0200,-7.17,0.12,-22.44,-23.87,-7.29

0.0200,-6.73,0.74,-24.31,-31.44,-7.47

0.0200,-6.23,1.43,-26.19,-35.88,-7.66

0.0200,-5.80,2.18,-25.69,-43.38,-7.97

0.0200,-5.48,3.05,-26.06,-50.81,-8.54

0.0200,-5.11,4.05,-31.50,-48.38,-9.16

0.0200,-4.48,4.99,-34.63,-49.63,-9.47

0.0200,-3.73,6.24,-39.19,-67.19,-9.97

0.0200,-2.67,7.87,-56.50,-85.37,-10.54

0.0200,-1.48,9.55,-57.50,-85.62,-11.04

0.0200,-0.42,11.24,-54.38,-89.75,-11.66

0.0200,0.64,13.12,-51.50,-98.69,-12.47

0.0200,1.52,15.24,-38.19,-113.50,-13.72

0.0200,2.14,17.62,-29.81,-122.56,-15.47

0.0200,2.70,20.12,-24.81,-130.12,-17.41

0.0200,3.20,22.68,-20.50,-135.81,-19.47

0.0200,3.58,25.43,-15.25,-140.81,-21.85

0.0200,3.89,28.12,-15.19,-138.81,-24.22

0.0200,4.20,30.74,-16.12,-137.19,-26.54

0.0200,4.45,33.37,-16.56,-134.62,-28.91

0.0200,4.77,35.99,-14.94,-135.44,-31.22

0.0200,5.02,38.62,-13.69,-135.69,-33.60

0.0200,5.33,41.12,-16.37,-130.06,-35.79

0.0200,5.64,43.68,-14.94,-130.12,-38.04

0.0200,5.95,46.12,-15.63,-125.62,-40.16

0.0200,6.27,48.55,-12.44,-126.06,-42.29

0.0200,6.45,50.99,-9.19,-124.69,-44.54

0.0200,6.70,53.30,-9.31,-118.00,-46.60

0.0200,6.89,55.55,-7.81,-115.75,-48.66

0.0200,7.02,57.74,-7.19,-111.81,-50.72

0.0200,7.14,59.80,-2.00,-108.00,-52.66

0.0200,7.08,61.87,2.81,-106.31,-54.79

0.0200,7.02,63.80,4.37,-101.44,-56.79

0.0200,6.95,65.68,5.06,-96.12,-58.72

0.0200,6.83,67.43,7.69,-90.25,-60.60

0.0200,6.58,69.12,9.94,-89.94,-62.54

0.0200,6.39,70.80,12.94,-86.37,-64.41

0.0200,6.14,72.43,14.25,-85.69,-66.29

0.0200,5.89,73.99,14.25,-82.12,-68.10

0.0200,5.64,75.43,15.50,-78.19,-69.79

0.0200,5.27,76.80,17.12,-76.00,-71.54

0.0200,4.95,77.93,17.94,-72.56,-72.97

0.0200,4.58,78.68,18.75,-66.75,-74.10

0.0200,4.27,78.68,19.81,-63.63,-74.41

0.0200,3.95,78.05,18.12,-61.25,-74.10

0.0200,3.64,77.18,15.38,-57.31,-73.54

0.0200,3.33,76.30,14.19,-49.75,-72.97

0.0200,3.08,75.49,14.50,-43.06,-72.41

0.0200,2.89,74.80,10.81,-39.31,-71.91

0.0200,2.77,74.05,5.50,-38.00,-71.29

0.0200,2.64,73.37,5.50,-35.25,-70.72

0.0200,2.52,72.80,7.56,-28.75,-70.29

0.0200,2.33,72.37,6.87,-23.06,-70.04

0.0200,2.20,71.99,3.25,-17.00,-69.79

0.0200,2.20,71.62,0.69,-14.44,-69.41

0.0200,2.14,71.55,1.44,-8.94,-69.41

0.0200,2.14,71.43,2.25,-3.69,-69.29

0.0200,2.08,71.49,0.37,4.06,-69.41

0.0200,2.14,71.68,-1.12,10.06,-69.54

0.0200,2.20,71.93,-0.69,14.56,-69.72

0.0200,2.20,72.24,-0.50,19.69,-70.04

0.0200,2.20,72.68,0.50,24.50,-70.47

0.0200,2.14,73.24,2.56,29.81,-71.10

0.0200,2.14,73.93,5.31,34.75,-71.79

0.0200,1.95,74.80,10.19,31.94,-72.85

0.0200,1.70,75.43,11.06,29.94,-73.72

0.0200,1.45,76.05,11.75,31.75,-74.60

0.0200,1.27,76.87,9.69,39.13,-75.60

0.0200,1.08,77.43,7.25,60.56,-76.35

0.0200,0.95,79.24,7.12,79.56,-78.29

0.0200,0.83,79.12,6.25,85.94,-78.29

0.0200,0.70,77.55,2.31,92.12,-76.85

0.0200,0.70,75.62,1.62,102.81,-74.91

0.0200,0.70,73.55,-0.62,108.25,-72.85

0.0200,0.58,71.68,3.75,99.25,-71.10

0.0200,0.52,69.74,2.69,100.12,-69.22

0.0200,0.45,67.80,5.44,101.19,-67.35

0.0200,0.33,65.80,5.37,101.69,-65.47

0.0200,0.14,63.74,6.69,104.19,-63.60

0.0200,0.02,61.55,6.75,113.25,-61.54

0.0200,-0.17,59.49,11.50,106.75,-59.66

0.0200,-0.42,57.43,10.19,107.94,-57.85

0.0200,-0.67,55.43,12.88,103.50,-56.10

0.0200,-0.98,53.37,12.88,105.56,-54.35

0.0200,-1.30,51.30,15.63,105.44,-52.60

0.0200,-1.48,49.05,10.56,115.12,-50.54

0.0200,-1.73,46.93,12.25,112.50,-48.66

0.0200,-1.98,44.93,12.63,103.19,-46.91

0.0200,-2.23,43.05,12.19,97.31,-45.29

0.0200,-2.48,41.18,11.31,97.06,-43.66

0.0200,-2.67,39.24,8.88,100.00,-41.91

0.0200,-2.80,37.18,4.87,105.06,-39.97

0.0200,-2.86,35.30,4.87,99.75,-38.16

0.0200,-2.98,33.43,4.00,96.06,-36.41

0.0200,-3.05,31.49,3.25,100.81,-34.54

0.0200,-3.17,29.55,5.37,99.87,-32.72

0.0200,-3.23,27.49,1.31,103.37,-30.72

0.0200,-3.17,25.49,-2.19,105.81,-28.66

0.0200,-3.11,23.49,-2.19,103.75,-26.60

0.0200,-3.11,21.62,0.13,100.19,-24.72

0.0200,-3.11,19.68,1.50,99.87,-22.79

0.0200,-3.23,17.87,5.31,95.00,-21.10

0.0200,-3.36,16.05,6.31,91.87,-19.41

0.0200,-3.55,14.37,8.38,90.62,-17.91

0.0200,-3.73,12.74,13.06,85.44,-16.47

0.0200,-4.17,11.30,15.31,78.12,-15.47

0.0200,-4.55,9.99,17.69,65.81,-14.54

0.0200,-4.92,8.87,20.62,57.88,-13.79

0.0200,-5.36,7.87,24.94,52.75,-13.22

0.0200,-5.86,7.05,27.31,41.75,-12.91

0.0200,-6.42,6.37,29.56,38.25,-12.79

0.0200,-6.98,5.74,30.06,33.81,-12.72

0.0200,-7.55,5.05,28.62,34.25,-12.60

0.0200,-8.05,4.43,26.62,34.00,-12.47

0.0200,-8.55,3.80,24.31,32.63,-12.35

0.0200,-8.86,3.30,20.87,25.62,-12.16

0.0200,-9.23,2.87,16.44,21.06,-12.10

0.0200,-9.48,2.49,12.63,17.25,-11.97

0.0200,-9.67,2.43,8.31,11.19,-12.10

0.0200,-9.73,2.55,3.19,3.81,-12.29

0.0200,-9.73,2.62,-2.31,-3.81,-12.35

0.0200,-9.61,2.80,-7.19,-11.00,-12.41

0.0200,-9.42,3.12,-12.00,-16.25,-12.54

0.0200,-9.11,3.49,-15.69,-21.81,-12.60

0.0200,-8.80,3.99,-18.37,-27.56,-12.79

0.0200,-8.48,4.62,-21.31,-33.31,-13.10

0.0200,-8.05,5.18,-23.25,-37.56,-13.22

0.0200,-7.61,5.87,-24.75,-40.81,-13.47

0.0200,-7.11,6.62,-25.81,-43.25,-13.72

0.0200,-6.61,7.49,-28.06,-45.38,-14.10

0.0200,-5.98,8.49,-30.81,-51.75,-14.47

0.0200,-5.30,9.68,-34.38,-61.50,-14.97

0.0200,-4.55,10.99,-41.69,-73.12,-15.54

0.0200,-3.61,12.62,-48.25,-83.37,-16.22

0.0200,-2.55,14.24,-56.94,-85.87,-16.79

0.0200,-1.42,15.99,-56.31,-90.94,-17.41

0.0200,-0.23,17.80,-60.13,-93.87,-18.04

0.0200,0.89,19.80,-54.06,-107.75,-18.91

0.0200,1.77,22.12,-42.88,-120.25,-20.35

0.0200,2.45,24.55,-31.69,-130.31,-22.10

0.0200,2.95,27.12,-25.19,-132.31,-24.16

0.0200,3.45,29.68,-23.62,-131.56,-26.22

0.0200,3.95,32.24,-24.25,-130.56,-28.29

0.0200,4.33,34.74,-25.75,-130.75,-30.41

0.0200,4.83,37.24,-25.12,-130.19,-32.41

0.0200,5.27,39.74,-24.00,-126.37,-34.47

0.0200,5.77,42.12,-26.25,-121.87,-36.35

0.0200,6.27,44.43,-23.25,-119.37,-38.16

0.0200,6.70,46.68,-21.81,-115.81,-39.97

0.0200,7.08,48.87,-18.81,-113.94,-41.79

0.0200,7.39,50.99,-15.19,-111.31,-43.60

0.0200,7.64,53.12,-10.19,-108.12,-45.47

0.0200,7.77,55.12,-8.69,-105.25,-47.35

0.0200,7.89,57.12,-5.56,-100.94,-49.22

0.0200,7.95,58.99,-4.87,-98.00,-51.04

0.0200,8.02,60.80,-0.31,-96.56,-52.79

0.0200,7.95,62.62,2.37,-94.75,-54.66

0.0200,7.77,64.37,8.13,-90.06,-56.60

0.0200,7.58,66.05,10.63,-86.87,-58.47

0.0200,7.39,67.62,9.56,-84.19,-60.22

0.0200,7.20,69.18,10.63,-83.50,-61.97

0.0200,6.95,70.74,15.69,-84.69,-63.79

0.0200,6.58,72.24,17.94,-83.69,-65.66

0.0200,6.20,73.74,19.50,-85.62,-67.54

0.0200,5.89,75.18,18.81,-83.31,-69.29

0.0200,5.52,76.49,19.56,-82.62,-70.97

0.0200,5.14,77.49,18.69,-80.75,-72.35

0.0200,4.77,77.93,16.87,-79.31,-73.16

0.0200,4.45,77.49,18.25,-78.06,-73.04

0.0200,4.20,76.55,17.06,-75.00,-72.35

0.0200,3.95,75.49,13.63,-71.50,-71.54

0.0200,3.70,74.30,12.44,-68.50,-70.60

0.0200,3.52,73.12,11.00,-65.37,-69.60

0.0200,3.39,71.93,9.06,-62.44,-68.54

0.0200,3.27,70.80,10.13,-59.44,-67.54

0.0200,3.08,69.74,10.44,-56.13,-66.66

0.0200,2.89,68.68,7.31,-54.63,-65.79

0.0200,2.83,67.68,3.06,-50.94,-64.85

0.0200,2.77,66.80,0.37,-47.00,-64.04

0.0200,2.83,66.05,-5.12,-38.69,-63.22

0.0200,3.02,65.37,-9.19,-36.06,-62.35

0.0200,3.20,64.74,-10.38,-32.00,-61.54

0.0200,3.45,64.24,-12.56,-28.81,-60.79

0.0200,3.70,63.80,-13.63,-22.87,-60.10

0.0200,4.02,63.49,-13.75,-16.62,-59.47

0.0200,4.27,63.24,-11.50,-8.69,-58.97

0.0200,4.33,63.24,-7.19,2.56,-58.91

0.0200,4.39,63.43,-3.25,11.94,-59.04

0.0200,4.39,63.74,-0.81,18.87,-59.35

0.0200,4.33,64.12,2.81,24.69,-59.79

0.0200,4.20,64.68,6.81,30.69,-60.47

0.0200,4.08,65.49,8.88,37.81,-61.41

0.0200,3.83,66.43,12.00,42.94,-62.60

0.0200,3.52,67.24,15.06,46.94,-63.72

0.0200,3.20,68.05,16.12,44.38,-64.85

0.0200,2.89,68.80,16.12,38.63,-65.91

0.0200,2.58,69.49,15.25,40.13,-66.91

0.0200,2.27,70.43,12.13,54.75,-68.16

0.0200,2.02,71.68,11.63,74.94,-69.66

0.0200,1.83,73.24,9.44,89.62,-71.41

0.0200,1.64,74.80,7.12,88.75,-73.16

0.0200,1.58,76.18,1.87,91.31,-74.60

0.0200,1.52,77.18,3.62,93.44,-75.66

0.0200,1.39,77.37,4.81,98.94,-75.97

0.0200,1.33,76.55,3.00,95.69,-75.22

0.0200,1.33,75.12,-1.25,103.12,-73.79

0.0200,1.27,73.43,4.06,98.56,-72.16

0.0200,1.14,71.62,1.75,101.56,-70.47

0.0200,1.08,69.80,3.44,97.50,-68.72

0.0200,1.02,68.05,3.00,96.12,-67.04

0.0200,0.95,66.18,2.75,100.94,-65.22

0.0200,0.89,64.12,0.56,110.62,-63.22

0.0200,0.83,62.12,4.87,102.62,-61.29

0.0200,0.70,60.18,3.50,99.62,-59.47

0.0200,0.64,58.37,6.25,94.00,-57.72

0.0200,0.52,56.49,5.12,98.62,-55.97

0.0200,0.39,54.62,6.06,99.62,-54.22

0.0200,0.33,52.55,2.25,106.06,-52.22

0.0200,0.27,50.55,4.00,102.06,-50.29

0.0200,0.14,48.62,4.81,99.37,-48.47

0.0200,0.02,46.74,5.56,97.44,-46.72

0.0200,-0.11,44.87,5.44,98.25,-44.97

0.0200,-0.23,42.93,4.69,99.87,-43.16

0.0200,-0.30,40.93,3.87,103.69,-41.22

0.0200,-0.48,38.93,8.25,100.50,-39.41

0.0200,-0.67,36.99,8.94,100.12,-37.66

0.0200,-0.80,35.05,7.62,103.31,-35.85

0.0200,-0.92,33.05,6.81,101.87,-33.97

0.0200,-1.05,30.99,3.37,108.81,-32.04

0.0200,-1.05,28.80,0.69,114.81,-29.85

0.0200,-1.11,26.62,2.37,114.50,-27.72

0.0200,-1.17,24.43,2.56,112.56,-25.60

0.0200,-1.30,22.24,5.06,110.12,-23.54

0.0200,-1.42,20.12,6.06,108.87,-21.54

0.0200,-1.61,18.05,7.81,107.12,-19.66

0.0200,-1.80,15.99,11.44,105.12,-17.79

0.0200,-2.05,14.12,17.50,95.44,-16.16

0.0200,-2.42,12.43,22.25,87.50,-14.85

0.0200,-2.86,10.93,25.50,78.50,-13.79

0.0200,-3.36,9.62,28.50,68.50,-12.97

0.0200,-3.86,8.43,30.00,61.56,-12.29

0.0200,-4.42,7.43,31.37,52.19,-11.85

0.0200,-4.98,6.62,31.31,42.13,-11.60

0.0200,-5.55,5.87,28.94,40.31,-11.41

0.0200,-5.98,5.18,29.44,34.13,-11.16

0.0200,-6.48,4.55,26.12,31.19,-11.04

0.0200,-6.92,4.05,22.62,26.50,-10.97

0.0200,-7.30,3.80,17.12,20.75,-11.10

0.0200,-7.55,3.74,11.25,14.50,-11.29

0.0200,-7.67,3.55,6.12,9.25,-11.22

0.0200,-7.67,3.43,1.87,5.37,-11.10

0.0200,-7.61,3.43,-1.94,2.31,-11.04

0.0200,-7.55,3.43,-5.25,-1.44,-10.97

0.0200,-7.42,3.49,-8.19,-6.31,-10.91

0.0200,-7.17,3.87,-10.63,-12.38,-11.04

0.0200,-6.98,4.18,-12.75,-17.19,-11.16

0.0200,-6.73,4.62,-14.88,-22.50,-11.35

0.0200,-6.42,5.24,-16.31,-28.62,-11.66

0.0200,-6.11,5.49,-16.69,-32.44,-11.60

0.0200,-5.92,6.18,-15.69,-32.94,-12.10

0.0200,-5.73,7.12,-14.94,-32.88,-12.85

0.0200,-5.42,7.80,-13.44,-34.69,-13.22

0.0200,-5.11,8.55,-15.50,-36.50,-13.66

0.0200,-4.73,9.05,-20.19,-47.88,-13.79

0.0200,-3.98,11.24,-43.56,-80.69,-15.22

0.0200,-2.98,12.74,-49.81,-73.75,-15.72

0.0200,-2.05,14.24,-48.56,-78.37,-16.29

0.0200,-1.05,15.74,-51.44,-76.44,-16.79

0.0200,-0.11,16.49,-44.94,-82.12,-16.60

0.0200,0.58,19.30,-32.50,-96.00,-18.72

0.0200,1.08,21.49,-23.94,-110.69,-20.41

0.0200,1.39,23.93,-18.62,-122.06,-22.54

0.0200,1.70,26.43,-16.50,-129.50,-24.72

0.0200,2.02,28.99,-19.00,-130.94,-26.97

0.0200,2.45,31.55,-21.06,-133.56,-29.10

0.0200,2.83,34.18,-23.50,-134.94,-31.35

0.0200,3.33,36.87,-23.81,-137.19,-33.54

0.0200,3.77,39.55,-23.12,-139.50,-35.79

0.0200,4.27,42.18,-25.81,-135.44,-37.91

0.0200,4.70,44.74,-23.94,-134.00,-40.04

0.0200,5.14,47.30,-22.62,-132.06,-42.16

0.0200,5.52,49.80,-18.44,-130.75,-44.29

0.0200,5.77,52.30,-12.81,-128.69,-46.54

0.0200,6.02,53.49,-11.06,-122.62,-47.47

0.0200,6.20,56.99,-9.13,-122.06,-50.79

0.0200,6.39,59.30,-7.37,-118.31,-52.91

0.0200,6.45,61.49,-2.81,-114.37,-55.04

0.0200,6.45,63.62,3.00,-110.25,-57.16

0.0200,6.33,65.68,4.69,-106.94,-59.35

0.0200,6.27,67.68,3.37,-102.25,-61.41

0.0200,6.14,69.62,5.44,-100.19,-63.47

0.0200,6.02,71.49,9.94,-95.12,-65.47

0.0200,5.77,73.24,14.13,-93.00,-67.47

0.0200,5.45,74.93,15.56,-90.19,-69.47

0.0200,5.14,76.55,14.00,-83.69,-71.41

0.0200,4.89,77.99,13.69,-79.81,-73.10

0.0200,4.64,79.18,13.31,-74.69,-74.54

0.0200,4.45,79.37,13.50,-73.19,-74.91

0.0200,4.20,78.49,15.00,-69.62,-74.29

0.0200,3.95,77.37,12.69,-61.69,-73.41

0.0200,3.77,76.24,9.88,-61.50,-72.47

0.0200,3.58,75.24,8.00,-56.56,-71.66

0.0200,3.45,74.30,8.44,-51.00,-70.85

0.0200,3.33,73.43,7.87,-44.31,-70.10

0.0200,3.20,72.74,6.81,-38.75,-69.54

0.0200,3.08,72.18,6.87,-31.19,-69.10

0.0200,2.89,71.62,8.69,-28.25,-68.72

0.0200,2.70,71.05,8.63,-28.31,-68.35

0.0200,2.58,70.55,6.12,-29.44,-67.97

0.0200,2.45,69.99,5.25,-29.94,-67.54

0.0200,2.39,69.37,4.44,-31.00,-66.97

0.0200,2.27,68.80,4.50,-30.62,-66.54

0.0200,2.20,68.24,3.56,-29.81,-66.04

0.0200,2.14,67.68,1.25,-29.31,-65.54

0.0200,2.20,67.24,-3.87,-23.25,-65.04

0.0200,2.39,66.93,-11.56,-14.56,-64.54

0.0200,2.64,66.68,-11.75,-9.81,-64.04

0.0200,2.77,66.62,-8.06,-4.69,-63.85

0.0200,2.89,66.62,-6.19,3.56,-63.72

0.0200,2.95,66.80,-6.00,10.75,-63.85

0.0200,3.02,67.05,-4.00,16.06,-64.04

0.0200,3.02,67.43,-0.56,20.50,-64.41

0.0200,3.02,67.93,0.44,26.06,-64.91

0.0200,2.95,68.49,2.44,32.56,-65.54

0.0200,2.83,69.18,6.56,33.81,-66.35

0.0200,2.64,69.80,10.88,34.00,-67.16

0.0200,2.39,70.43,10.00,32.06,-68.04

0.0200,2.20,70.99,10.63,30.94,-68.79

0.0200,1.95,71.68,12.13,38.25,-69.72

0.0200,1.70,72.80,10.31,64.06,-71.10

0.0200,1.58,74.37,4.94,88.56,-72.79

0.0200,1.52,76.24,1.87,98.50,-74.72

0.0200,1.52,78.18,0.25,110.50,-76.66

0.0200,1.45,79.55,3.56,110.81,-78.10

0.0200,1.39,78.18,2.00,114.56,-76.79

0.0200,1.39,75.99,-0.31,120.87,-74.60

0.0200,1.33,73.74,3.00,116.37,-72.41

0.0200,1.27,71.49,5.06,119.25,-70.22

0.0200,1.08,69.24,7.69,114.12,-68.16

0.0200,0.95,67.05,7.06,114.75,-66.10

0.0200,0.83,64.74,5.44,122.12,-63.91

0.0200,0.70,62.37,6.50,120.62,-61.66

0.0200,0.52,60.12,10.19,116.19,-59.60

0.0200,0.33,57.93,9.69,111.69,-57.60

0.0200,0.14,55.74,7.62,112.00,-55.60

0.0200,-0.05,53.62,8.06,113.31,-53.66

0.0200,-0.17,51.30,5.56,118.81,-51.47

0.0200,-0.30,49.12,9.31,109.62,-49.41

0.0200,-0.55,47.12,10.94,102.75,-47.66

0.0200,-0.73,45.12,8.81,105.12,-45.85

0.0200,-0.92,43.05,10.88,105.75,-43.97

0.0200,-1.11,40.99,9.19,108.56,-42.10

0.0200,-1.23,38.87,5.56,106.81,-40.10

0.0200,-1.36,36.87,6.19,101.31,-38.22

0.0200,-1.48,34.93,5.50,103.31,-36.41

0.0200,-1.61,32.93,6.50,99.81,-34.54

0.0200,-1.80,31.05,6.06,98.81,-32.85

0.0200,-1.86,29.12,3.06,98.56,-30.97

0.0200,-1.86,27.18,0.94,99.19,-29.04

0.0200,-1.92,25.37,5.19,94.87,-27.29

0.0200,-2.05,23.55,4.81,94.87,-25.60

0.0200,-2.11,21.80,6.00,87.81,-23.91

0.0200,-2.23,20.18,4.50,86.81,-22.41

0.0200,-2.30,18.49,3.44,83.31,-20.79

0.0200,-2.36,16.93,3.75,84.25,-19.29

0.0200,-2.42,15.37,5.81,75.87,-17.79

0.0200,-2.61,13.99,8.06,70.69,-16.60

0.0200,-2.80,12.74,10.94,64.37,-15.54

0.0200,-3.05,11.55,12.69,58.94,-14.60

0.0200,-3.30,10.55,14.00,51.63,-13.85

0.0200,-3.48,9.62,15.13,49.63,-13.10

0.0200,-3.80,8.74,17.00,46.81,-12.54

0.0200,-4.11,7.93,18.50,41.38,-12.04

0.0200,-4.42,7.18,17.31,39.06,-11.60

0.0200,-4.67,6.43,17.87,38.38,-11.10

0.0200,-4.98,5.68,16.19,39.31,-10.66

0.0200,-5.23,4.99,14.25,37.50,-10.22

0.0200,-5.48,4.30,10.75,34.00,-9.79

0.0200,-5.61,3.74,7.25,29.44,-9.35

0.0200,-5.73,3.24,4.31,25.19,-8.97

0.0200,-5.73,2.87,1.87,18.87,-8.60

0.0200,-5.73,2.62,0.56,11.81,-8.35

0.0200,-5.73,2.49,-0.88,1.81,-8.22

0.0200,-5.67,2.68,-1.94,-5.69,-8.35

0.0200,-5.55,2.80,-5.37,-9.38,-8.35

0.0200,-5.36,3.05,-8.00,-12.56,-8.41

0.0200,-5.17,3.37,-10.94,-15.88,-8.54

0.0200,-4.92,3.68,-13.38,-19.44,-8.60

0.0200,-4.61,4.12,-15.88,-23.19,-8.72

0.0200,-4.30,4.62,-17.81,-27.19,-8.91

0.0200,-3.92,5.24,-17.69,-32.63,-9.16

0.0200,-3.61,5.87,-17.62,-33.44,-9.47

0.0200,-3.30,6.43,-19.25,-30.75,-9.72

0.0200,-2.92,7.18,-21.50,-43.63,-10.10

0.0200,-2.36,8.43,-32.56,-65.44,-10.79

0.0200,-1.55,9.68,-41.25,-65.87,-11.22

0.0200,-0.86,11.05,-34.63,-72.44,-11.91

0.0200,-0.17,12.55,-35.25,-78.69,-12.72

0.0200,0.52,14.18,-35.63,-83.56,-13.66

0.0200,1.14,15.87,-33.00,-89.12,-14.72

0.0200,1.77,17.74,-30.12,-98.00,-15.97

0.0200,2.33,19.74,-29.06,-104.94,-17.41

0.0200,2.83,21.87,-27.69,-113.00,-19.04

0.0200,3.39,24.12,-27.37,-120.06,-20.72

0.0200,3.89,26.55,-25.37,-125.06,-22.66

0.0200,4.33,28.99,-27.06,-128.56,-24.66

0.0200,4.83,31.55,-28.44,-132.94,-26.72

0.0200,5.33,34.18,-27.75,-135.94,-28.85

0.0200,5.89,36.87,-27.81,-139.50,-30.97

0.0200,6.39,39.62,-26.00,-144.19,-33.22

0.0200,6.89,42.43,-23.50,-143.75,-35.54

0.0200,7.39,45.18,-25.44,-142.81,-37.79

0.0200,7.83,47.93,-22.69,-141.31,-40.10

0.0200,8.27,50.68,-21.00,-142.69,-42.41

0.0200,8.64,53.49,-16.87,-143.06,-44.85

0.0200,8.89,56.18,-13.31,-139.81,-47.29

0.0200,9.20,58.87,-14.50,-137.44,-49.66

0.0200,9.52,61.43,-15.13,-133.06,-51.91

0.0200,9.77,63.99,-11.69,-130.31,-54.22

0.0200,9.95,66.49,-9.19,-130.06,-56.54

0.0200,10.14,68.93,-9.00,-122.50,-58.79

0.0200,10.33,71.18,-9.94,-117.06,-60.85

0.0200,10.52,73.37,-10.13,-112.56,-62.85

0.0200,10.70,75.49,-7.87,-108.87,-64.79

0.0200,10.83,77.49,-5.37,-108.37,-66.66

0.0200,10.83,79.24,-3.31,-99.06,-68.41

0.0200,10.89,79.30,-2.44,-92.25,-68.41

0.0200,10.89,77.87,0.37,-89.50,-66.97

0.0200,10.83,76.30,5.62,-83.19,-65.47

0.0200,10.77,74.80,4.50,-80.62,-64.04

0.0200,10.64,73.30,9.88,-75.50,-62.66

0.0200,10.39,71.93,13.75,-71.31,-61.54

0.0200,10.08,70.62,14.19,-67.06,-60.54

0.0200,9.77,69.43,16.87,-61.56,-59.66

0.0200,9.52,68.30,16.12,-58.94,-58.79

0.0200,9.27,67.18,14.13,-55.19,-57.91

0.0200,8.95,66.18,14.56,-50.88,-57.22

0.0200,8.70,65.24,14.94,-51.56,-56.54

0.0200,8.39,64.30,14.44,-45.44,-55.91

0.0200,8.20,63.49,11.19,-39.38,-55.29

0.0200,8.08,62.80,6.25,-36.44,-54.72

0.0200,7.89,62.12,8.25,-33.75,-54.22

0.0200,7.77,61.55,6.75,-26.62,-53.79

0.0200,7.70,61.18,0.19,-20.31,-53.47

0.0200,7.83,60.87,-5.75,-14.81,-53.04

0.0200,7.95,60.62,-7.37,-9.13,-52.66

0.0200,8.08,60.55,-5.31,-3.75,-52.47

0.0200,8.14,60.55,-2.25,1.19,-52.41

0.0200,8.14,60.62,-1.37,7.62,-52.47

0.0200,8.14,60.99,-0.31,14.38,-52.85

0.0200,8.14,61.62,2.00,18.12,-53.47

0.0200,8.02,61.99,4.19,21.25,-53.97

0.0200,7.89,62.43,6.37,25.12,-54.54

0.0200,7.70,62.99,8.50,30.81,-55.29

0.0200,7.52,64.37,10.06,37.19,-56.85

0.0200,7.33,65.18,12.38,41.75,-57.85

0.0200,7.08,65.99,14.63,42.00,-58.91

0.0200,6.77,66.74,15.38,40.81,-59.97

0.0200,6.45,67.37,15.50,35.13,-60.91

0.0200,6.14,68.12,14.56,36.75,-61.97

0.0200,5.77,69.12,19.06,44.88,-63.35

0.0200,5.52,70.55,10.25,67.81,-65.04

0.0200,5.39,72.43,5.19,94.00,-67.04

0.0200,5.20,74.43,9.75,103.25,-69.22

0.0200,5.02,76.55,10.13,110.06,-71.54

0.0200,4.83,78.55,6.44,106.00,-73.72

0.0200,4.77,79.80,1.44,103.62,-75.04

0.0200,4.83,78.30,-0.75,107.00,-73.47

0.0200,4.70,76.37,7.50,108.62,-71.66

0.0200,4.52,74.37,7.62,102.87,-69.85

0.0200,4.39,72.49,8.00,99.31,-68.10

0.0200,4.27,70.49,8.44,102.00,-66.22

0.0200,4.02,68.37,11.63,106.69,-64.35

0.0200,3.83,66.18,10.69,113.69,-62.35

0.0200,3.52,64.05,14.38,110.69,-60.54

0.0200,3.27,62.05,10.56,105.56,-58.79

0.0200,3.08,60.05,11.31,102.87,-56.97

0.0200,2.83,58.05,10.13,102.56,-55.22

0.0200,2.64,55.99,10.75,105.94,-53.35

0.0200,2.52,53.80,6.12,112.06,-51.29

0.0200,2.39,51.62,6.31,113.75,-49.22

0.0200,2.27,49.55,6.19,108.69,-47.29

0.0200,2.14,47.49,4.94,104.81,-45.35

0.0200,2.02,45.43,4.25,105.69,-43.41

0.0200,1.95,43.30,1.87,108.44,-41.35

0.0200,1.95,41.05,-0.06,116.12,-39.10

0.0200,1.89,38.87,4.62,114.37,-36.97

0.0200,1.77,36.68,4.94,112.37,-34.91

0.0200,1.64,34.49,6.00,112.31,-32.85

0.0200,1.52,32.30,5.12,112.37,-30.79

0.0200,1.45,29.99,4.12,117.19,-28.54

0.0200,1.27,27.80,7.37,116.44,-26.54

0.0200,1.08,25.68,7.19,109.62,-24.60

0.0200,0.89,23.62,7.81,107.94,-22.72

0.0200,0.70,21.55,6.81,105.25,-20.85

0.0200,0.58,19.55,6.56,105.00,-18.97

0.0200,0.39,17.55,7.62,103.94,-17.16

0.0200,0.14,15.74,14.88,95.37,-15.60

0.0200,-0.23,13.99,19.37,88.50,-14.22

0.0200,-0.67,12.37,22.75,80.87,-13.04

0.0200,-1.05,10.93,21.31,73.50,-11.97

0.0200,-1.36,9.55,17.44,70.31,-10.91

0.0200,-1.73,8.37,20.19,63.06,-10.10

0.0200,-2.17,7.18,23.00,60.31,-9.35

0.0200,-2.61,6.05,25.37,57.81,-8.66

0.0200,-3.17,4.93,28.19,59.13,-8.10

0.0200,-3.73,3.80,30.06,54.81,-7.54

0.0200,-4.30,2.87,28.37,47.69,-7.16

0.0200,-4.80,2.05,25.19,37.06,-6.85

0.0200,-5.30,1.43,22.25,32.13,-6.72

0.0200,-5.67,0.87,20.31,28.06,-6.54

0.0200,-5.98,0.37,16.25,23.75,-6.35

0.0200,-6.30,0.05,12.88,15.56,-6.35

0.0200,-6.48,-0.20,9.06,11.94,-6.29

0.0200,-6.55,-0.26,5.44,7.50,-6.29

0.0200,-6.61,-0.32,2.62,2.06,-6.29

0.0200,-6.61,-0.26,-0.81,-2.62,-6.35

0.0200,-6.55,-0.20,-4.25,-5.94,-6.35

0.0200,-6.42,-0.01,-7.62,-10.94,-6.41

0.0200,-6.23,0.30,-11.56,-15.00,-6.54

0.0200,-5.92,0.62,-14.63,-16.12,-6.54

0.0200,-5.67,1.05,-15.88,-16.87,-6.72

0.0200,-5.30,1.43,-17.81,-19.94,-6.72

0.0200,-4.86,1.87,-20.12,-24.12,-6.72

0.0200,-4.42,2.37,-21.62,-27.12,-6.79

0.0200,-3.92,2.93,-22.62,-28.12,-6.85

0.0200,-3.48,3.49,-23.62,-29.62,-6.97

0.0200,-3.05,4.05,-24.37,-32.50,-7.10

0.0200,-2.55,4.55,-24.31,-36.13,-7.10

0.0200,-2.11,5.30,-22.06,-37.56,-7.41

0.0200,-1.80,5.99,-17.50,-37.19,-7.79

0.0200,-1.55,6.68,-16.00,-32.06,-8.22

0.0200,-1.23,7.18,-17.37,-26.44,-8.41

0.0200,-0.92,7.80,-19.19,-34.31,-8.72

0.0200,-0.48,8.87,-27.69,-57.94,-9.35

0.0200,0.27,9.93,-38.56,-52.56,-9.66

0.0200,0.89,10.93,-30.94,-52.81,-10.04

0.0200,1.52,11.93,-30.50,-52.44,-10.41

0.0200,2.14,12.99,-32.88,-53.75,-10.85

0.0200,2.70,14.12,-26.12,-60.38,-11.41

0.0200,3.14,15.37,-19.75,-63.69,-12.22

0.0200,3.45,16.49,-15.25,-64.56,-13.04

0.0200,3.83,17.49,-12.13,-62.19,-13.66

0.0200,4.08,18.30,-9.38,-57.06,-14.22

0.0200,4.33,18.87,-7.81,-49.19,-14.54

0.0200,4.45,19.30,-6.56,-42.56,-14.85

0.0200,4.58,19.62,-7.12,-33.38,-15.04

0.0200,4.70,19.74,-8.56,-24.19,-15.04

0.0200,4.83,19.68,-8.31,-17.37,-14.85

0.0200,4.95,19.55,-7.62,-9.38,-14.60

0.0200,5.08,19.30,-5.12,-4.06,-14.22

0.0200,5.08,19.30,-1.94,0.56,-14.22

0.0200,5.08,19.24,0.19,4.19,-14.16

0.0200,5.02,18.87,1.50,7.44,-13.85

0.0200,4.95,18.49,3.00,11.13,-13.54

0.0200,4.89,18.18,3.31,16.25,-13.29

0.0200,4.70,17.68,5.62,17.31,-12.97

0.0200,4.45,17.12,7.87,18.19,-12.66

0.0200,4.27,16.74,9.63,18.87,-12.47

0.0200,4.02,16.37,11.06,18.31,-12.35

0.0200,3.70,15.87,12.13,19.62,-12.16

0.0200,3.33,15.49,14.06,21.94,-12.16

0.0200,2.95,14.99,16.12,23.81,-12.04

0.0200,2.58,14.43,17.94,24.44,-11.85

0.0200,2.20,13.80,18.37,25.19,-11.60

0.0200,1.83,13.24,18.31,25.25,-11.41

0.0200,1.39,12.62,18.19,24.75,-11.22

0.0200,0.89,12.12,17.87,24.69,-11.22

0.0200,0.45,11.55,17.31,24.37,-11.10

0.0200,0.02,11.12,16.19,22.94,-11.10

0.0200,-0.36,10.74,14.38,20.62,-11.10

0.0200,-0.67,10.37,11.75,18.12,-11.04

0.0200,-0.98,10.05,9.94,16.94,-11.04

0.0200,-1.17,9.74,9.25,16.94,-10.91

0.0200,-1.30,9.37,3.81,23.00,-10.66

0.0200,-1.23,8.93,-3.37,24.94,-10.16

0.0200,-0.98,8.43,-9.50,27.81,-9.41

0.0200,-0.73,7.93,-10.88,28.75,-8.66

0.0200,-0.48,7.37,-11.19,30.00,-7.85

0.0200,-0.23,6.87,-11.88,26.44,-7.10

0.0200,0.02,6.43,-13.06,20.00,-6.41

0.0200,0.27,6.12,-14.31,15.13,-5.85

0.0200,0.52,5.93,-11.13,9.81,-5.41

0.0200,0.70,5.80,-8.31,7.50,-5.10

0.0200,0.83,5.74,-3.31,2.56,-4.91

0.0200,0.89,5.68,-1.00,2.25,-4.79

0.0200,0.89,5.74,1.56,2.31,-4.85

0.0200,0.83,5.68,3.25,3.50,-4.85

0.0200,0.77,5.62,3.81,3.19,-4.85

0.0200,0.70,5.55,3.75,3.00,-4.85

0.0200,0.58,5.49,3.69,3.50,-4.91

0.0200,0.52,5.43,3.19,3.00,-4.91

0.0200,0.52,5.37,2.00,2.62,-4.85

0.0200,0.52,5.37,0.06,0.37,-4.85

0.0200,0.52,5.37,-2.62,-2.00,-4.85

0.0200,0.58,5.43,-4.00,-3.06,-4.85

0.0200,0.64,5.49,-4.31,-3.25,-4.85

0.0200,0.70,5.55,-2.94,-2.19,-4.85

0.0200,0.70,5.55,-0.56,-0.56,-4.85

0.0200,0.70,5.55,0.25,0.13,-4.85

0.0200,0.70,5.55,-0.69,-0.62,-4.85

0.0200,0.77,5.55,-2.25,-2.00,-4.79

0.0200,0.83,5.62,-3.37,-2.62,-4.79

0.0200,0.95,5.68,-3.56,-2.69,-4.72

0.0200,1.02,5.74,-3.56,-3.00,-4.72

0.0200,1.08,5.87,-4.12,-3.75,-4.79

0.0200,1.20,5.93,-4.50,-4.25,-4.72

0.0200,1.33,5.99,-3.06,-2.87,-4.66

0.0200,1.33,6.05,-1.12,-0.75,-4.72

0.0200,1.39,6.05,-0.37,-0.56,-4.66

0.0200,1.45,6.05,-0.88,-1.06,-4.60

0.0200,1.45,6.12,-1.12,-1.12,-4.66

0.0200,1.52,6.12,-0.81,-0.69,-4.60

0.0200,1.52,6.12,-0.13,-0.19,-4.60

0.0200,1.52,6.12,-0.50,-0.81,-4.60

0.0200,1.52,6.18,-1.50,-2.06,-4.66

0.0200,1.58,6.24,-3.25,-3.19,-4.66

0.0200,1.70,6.37,-5.37,-4.56,-4.66

0.0200,1.83,6.49,-6.75,-5.00,-4.66

0.0200,1.95,6.55,-6.69,-4.19,-4.60

0.0200,2.02,6.62,-5.19,-2.81,-4.60

0.0200,2.08,6.62,-2.44,-0.69,-4.54

0.0200,2.14,6.62,-0.06,1.06,-4.47

0.0200,2.08,6.62,1.06,2.00,-4.54

0.0200,2.08,6.49,1.00,1.81,-4.41

0.0200,2.08,6.49,0.94,1.75,-4.41

0.0200,2.02,6.43,1.37,1.75,-4.41

0.0200,2.02,6.30,2.81,3.00,-4.29

0.0200,1.95,6.24,4.06,4.06,-4.29

0.0200,1.83,6.18,4.44,4.62,-4.35

0.0200,1.77,6.05,4.12,4.56,-4.29

0.0200,1.70,5.99,3.81,4.62,-4.29

0.0200,1.64,5.93,3.56,4.31,-4.29

0.0200,1.58,5.87,2.87,4.56,-4.29

0.0200,1.52,5.80,2.94,4.25,-4.29

0.0200,1.52,5.74,2.25,3.75,-4.22

0.0200,1.45,5.68,1.62,3.19,-4.22

0.0200,1.45,5.62,1.25,2.62,-4.16

0.0200,1.39,5.55,1.31,2.44,-4.16

0.0200,1.39,5.49,1.94,2.50,-4.10

0.0200,1.33,5.43,2.31,2.94,-4.10

0.0200,1.27,5.43,2.37,2.50,-4.16

0.0200,1.27,5.37,2.00,2.31,-4.10

0.0200,1.20,5.37,1.56,1.87,-4.16

0.0200,1.20,5.30,0.88,1.31,-4.10

0.0200,1.14,5.30,0.19,0.44,-4.16

0.0200,1.14,5.30,-0.25,-0.19,-4.16

0.0200,1.14,5.30,-0.13,-0.31,-4.16

0.0200,1.20,5.37,0.13,-0.25,-4.16

0.0200,1.20,5.37,0.31,-0.06,-4.16

0.0200,1.27,5.43,0.00,0.25,-4.16

0.0200,1.27,5.43,0.25,0.37,-4.16

0.0200,1.33,5.49,0.31,0.13,-4.16

0.0200,1.33,5.49,0.00,0.06,-4.16

0.0200,1.33,5.55,-0.25,-0.06,-4.22

0.0200,1.33,5.55,-0.75,-0.31,-4.22

0.0200,1.39,5.55,-1.19,-0.81,-4.16

0.0200,1.39,5.62,-1.19,-0.94,-4.22

0.0200,1.45,5.62,-1.50,-1.25,-4.16

0.0200,1.45,5.68,-2.25,-1.75,-4.22

0.0200,1.52,5.74,-2.69,-2.31,-4.22

0.0200,1.58,5.74,-2.94,-3.25,-4.16

0.0200,1.64,5.87,-2.81,-3.50,-4.22

0.0200,1.70,5.93,-2.87,-3.56,-4.22

0.0200,1.77,5.99,-2.62,-3.81,-4.22

0.0200,1.83,6.05,-2.25,-3.62,-4.22

0.0200,1.89,6.18,-2.81,-3.69,-4.29

0.0200,1.95,6.24,-2.69,-3.50,-4.29

0.0200,1.95,6.30,-2.69,-3.50,-4.35

0.0200,2.02,6.37,-3.31,-3.69,-4.35

0.0200,2.08,6.49,-3.56,-4.19,-4.41

0.0200,2.14,6.55,-3.75,-4.50,-4.41

0.0200,2.20,6.62,-3.44,-4.19,-4.41

0.0200,2.27,6.74,-3.44,-4.25,-4.47

0.0200,2.33,6.80,-3.81,-4.37,-4.47

0.0200,2.39,6.87,-3.19,-3.81,-4.47

0.0200,2.45,6.87,-1.87,-2.44,-4.41

0.0200,2.45,6.93,-1.12,-1.69,-4.47

0.0200,2.52,6.93,-0.75,-1.31,-4.41

0.0200,2.52,6.93,-0.13,-0.75,-4.41

0.0200,2.52,6.99,0.62,0.13,-4.47

0.0200,2.52,6.99,0.62,0.31,-4.47

0.0200,2.58,6.99,0.56,0.56,-4.41

0.0200,2.58,6.93,0.62,1.25,-4.35

0.0200,2.58,6.93,1.37,1.81,-4.35

0.0200,2.58,6.87,2.19,2.56,-4.29

0.0200,2.52,6.80,3.06,3.62,-4.29

0.0200,2.52,6.74,3.94,4.62,-4.22

0.0200,2.39,6.62,5.06,5.31,-4.22

0.0200,2.33,6.49,5.00,5.69,-4.16

0.0200,2.20,6.43,4.37,5.31,-4.22

0.0200,2.14,6.30,3.81,4.62,-4.16

0.0200,2.08,6.18,3.69,4.69,-4.10

0.0200,2.02,6.12,4.19,5.25,-4.10

0.0200,1.89,5.99,4.87,5.44,-4.10

0.0200,1.77,5.93,4.62,4.94,-4.16

0.0200,1.70,5.80,3.56,4.06,-4.10

0.0200,1.64,5.74,3.44,3.62,-4.10

0.0200,1.52,5.68,3.56,3.50,-4.16

0.0200,1.45,5.62,2.94,2.56,-4.16

0.0200,1.39,5.62,1.75,1.31,-4.22

0.0200,1.39,5.62,0.94,0.75,-4.22

0.0200,1.33,5.62,0.69,0.44,-4.29

0.0200,1.33,5.62,-0.13,-0.37,-4.29

0.0200,1.33,5.62,-0.69,-0.56,-4.29

0.0200,1.39,5.62,-0.62,-0.50,-4.22

0.0200,1.39,5.68,-0.31,-0.69,-4.29

0.0200,1.39,5.74,-1.06,-1.69,-4.35

0.0200,1.45,5.74,-2.12,-2.12,-4.29

0.0200,1.45,5.80,-2.56,-2.62,-4.35

0.0200,1.52,5.87,-2.00,-2.50,-4.35

0.0200,1.58,5.87,-1.37,-2.00,-4.29

0.0200,1.58,5.93,-1.00,-1.62,-4.35

0.0200,1.58,5.93,-0.88,-1.75,-4.35

0.0200,1.64,5.99,-1.37,-1.94,-4.35

0.0200,1.70,6.05,-1.50,-1.44,-4.35

0.0200,1.77,6.12,-1.31,-0.94,-4.35

0.0200,1.77,6.12,-0.62,-0.75,-4.35

0.0200,1.83,6.12,-0.56,-0.69,-4.29

0.0200,1.83,6.18,-0.44,-0.50,-4.35

0.0200,1.83,6.18,-0.62,-0.50,-4.35

0.0200,1.83,6.18,-0.69,-0.50,-4.35

0.0200,1.83,6.18,-0.56,-0.13,-4.35

0.0200,1.83,6.18,0.25,0.44,-4.35

0.0200,1.83,6.12,1.06,1.50,-4.29

0.0200,1.83,6.12,1.69,2.31,-4.29

0.0200,1.83,6.05,2.87,3.31,-4.22

0.0200,1.77,5.99,3.75,4.50,-4.22

0.0200,1.70,5.93,4.31,5.19,-4.22

0.0200,1.70,5.80,4.25,5.06,-4.10

0.0200,1.58,5.74,3.62,4.37,-4.16

0.0200,1.58,5.68,2.94,4.00,-4.10

0.0200,1.52,5.62,2.62,3.25,-4.10

0.0200,1.45,5.55,2.56,2.87,-4.10

0.0200,1.33,5.49,2.56,2.31,-4.16

0.0200,1.27,5.43,2.19,2.12,-4.16

0.0200,1.20,5.30,2.06,2.12,-4.10

0.0200,1.14,5.24,2.12,1.87,-4.10

0.0200,1.08,5.24,2.00,1.75,-4.16

0.0200,1.02,5.18,1.75,1.94,-4.16

0.0200,1.02,5.18,1.94,1.87,-4.16

0.0200,0.95,5.12,1.81,1.31,-4.16

0.0200,0.95,5.12,1.50,1.25,-4.16

0.0200,0.89,5.12,0.94,1.12,-4.22

0.0200,0.89,5.12,0.75,1.00,-4.22

0.0200,0.89,5.12,0.56,0.94,-4.22

0.0200,0.89,5.05,0.88,1.19,-4.16

0.0200,0.89,5.05,1.06,1.19,-4.16

0.0200,0.89,5.05,0.44,0.75,-4.16

0.0200,0.89,5.05,-0.19,0.31,-4.16

0.0200,0.89,5.05,-0.44,-0.06,-4.16

0.0200,0.89,5.05,-0.81,-0.56,-4.16

0.0200,0.89,5.12,-1.19,-0.88,-4.22

0.0200,0.89,5.12,-1.37,-1.19,-4.22

0.0200,0.95,5.12,-1.56,-1.37,-4.16

0.0200,0.95,5.18,-1.56,-1.12,-4.22

0.0200,1.02,5.18,-1.31,-1.19,-4.16

0.0200,1.02,5.24,-1.69,-1.37,-4.22

0.0200,1.08,5.24,-2.06,-1.56,-4.16

0.0200,1.14,5.30,-2.12,-1.94,-4.16

0.0200,1.14,5.30,-2.44,-2.06,-4.16

0.0200,1.20,5.37,-2.31,-2.06,-4.16

0.0200,1.27,5.37,-2.25,-1.81,-4.10

0.0200,1.27,5.43,-1.81,-1.62,-4.16

0.0200,1.33,5.49,-1.56,-1.37,-4.16

0.0200,1.39,5.49,-1.62,-1.31,-4.10

0.0200,1.39,5.55,-1.62,-1.37,-4.16

0.0200,1.45,5.55,-1.94,-1.25,-4.10

0.0200,1.45,5.55,-1.56,-1.06,-4.10

0.0200,1.52,5.62,-1.31,-0.75,-4.10

0.0200,1.52,5.62,-1.19,-0.94,-4.10

0.0200,1.58,5.62,-1.00,-0.56,-4.04

0.0200,1.58,5.62,-0.62,-0.44,-4.04

0.0200,1.58,5.62,-0.31,-0.13,-4.04

0.0200,1.58,5.62,0.13,0.25,-4.04

0.0200,1.58,5.62,0.62,0.44,-4.04

0.0200,1.52,5.62,1.19,0.81,-4.10

0.0200,1.52,5.55,0.88,0.88,-4.04

0.0200,1.52,5.55,1.00,0.81,-4.04

0.0200,1.45,5.55,0.94,0.81,-4.10

0.0200,1.45,5.49,0.62,0.81,-4.04

0.0200,1.45,5.49,0.44,0.56,-4.04

0.0200,1.45,5.49,0.19,0.44,-4.04

0.0200,1.45,5.49,-0.19,0.19,-4.04

0.0200,1.39,5.49,-0.44,0.13,-4.10

0.0200,1.39,5.49,-0.56,-0.50,-4.10

0.0200,1.39,5.49,-0.81,-0.69,-4.10

0.0200,1.39,5.49,-0.69,-0.88,-4.10

0.0200,1.45,5.49,-0.62,-0.62,-4.04

